dataTime,locType,longitude,latitude,heading,accuracy,speed,distance,isBackForeground,stepType,altitude
1711596972,1,120.083631,30.304898,0.000000,35.000000,-1.000000,0.000000,1,0,11.217630
1688380430,1,117.491753,30.659637,0.000000,14.857898,0.000000,0.000000,0,1,11.334784
1687515699,1,118.897942,31.911287,0.000000,30.055885,0.000000,0.000000,0,1,20.178295
1688369875,1,117.496803,30.658055,0.000000,42.000000,0.000000,0.000000,0,1,15.601616
1688380077,1,117.487778,30.660033,0.000000,40.000000,0.000000,0.000000,0,1,20.482715
1687509718,1,118.912750,31.914092,0.000000,35.000000,0.000000,0.000000,0,1,17.920771
1687949812,1,120.856208,32.068589,0.000000,45.206084,0.000000,0.000000,0,1,5.383315
1688380376,1,117.490630,30.659772,0.000000,35.000000,0.000000,0.000000,0,1,17.198877
1687605075,1,118.753380,32.079461,0.000000,35.000000,0.000000,0.000000,0,1,21.014252
1687949343,1,120.855537,32.069817,0.000000,7.662999,0.000000,0.000000,0,1,7.485000
1688379968,1,117.486237,30.660208,0.000000,38.000000,0.000000,0.000000,0,1,19.724243
1688380437,1,117.491775,30.659587,0.000000,4.692147,0.073147,0.000000,0,1,11.523522
1688378786,1,117.481828,30.659103,0.000000,4.769532,0.123509,0.000000,0,1,18.107290
1688378757,1,117.482155,30.659187,0.000000,40.000000,0.000000,0.000000,0,1,20.088322
1687948901,1,120.858208,32.070870,0.000000,23.191384,0.000000,0.000000,0,1,14.124282
1688378461,1,117.483672,30.656720,0.000000,40.000000,0.000000,0.000000,0,1,20.876224
1687067631,1,117.098717,36.255525,0.000000,4.512617,0.019143,0.000000,0,1,1436.803723
1686899865,1,117.028367,36.662113,0.000000,14.448997,0.023070,0.000000,0,1,37.824127
1686967697,1,117.010553,36.660912,0.000000,14.254985,0.050854,0.000000,0,1,33.028499
1687073399,1,117.090181,36.256687,0.000000,4.774426,1.124205,0.000000,0,1,1137.923476
1687073321,1,117.093436,36.257062,0.000000,4.769026,1.053258,0.000000,0,1,1242.296247
1686998492,1,117.112458,36.203530,0.000000,35.000000,0.000000,0.000000,0,1,183.205098
1686998498,1,117.112428,36.203503,0.000000,35.000000,0.000000,0.000000,0,1,183.193995
1686902405,1,117.019767,36.665783,0.000000,8.869558,0.173350,0.000000,0,1,33.303776
1687049722,1,117.123345,36.207847,0.000000,7.610669,0.000000,0.000000,0,1,200.838459
1686899939,1,117.027642,36.662320,0.000000,37.000000,0.000000,0.000000,0,1,35.431617
1686968807,1,117.009514,36.660770,0.000000,65.425434,0.829248,0.000000,0,1,31.905702
1686899866,1,117.028367,36.662113,0.000000,14.411741,0.000000,0.000000,0,1,37.824127
1687073396,1,117.090264,36.256705,0.000000,4.772409,1.096268,0.000000,0,1,1139.446246
1687068779,1,117.100097,36.255112,0.000000,11.996603,0.000000,0.000000,0,1,1446.988073
1687073332,1,117.093011,36.257013,0.000000,4.766029,1.083855,0.000000,0,1,1225.974543
1686986136,1,116.885978,36.668213,0.000000,51.781597,0.000000,0.000000,0,1,54.140063
1687070652,1,117.103347,36.256997,0.000000,4.719943,0.104777,0.000000,0,1,1534.811247
1687073337,1,117.092781,36.257000,0.000000,4.767831,1.049758,0.000000,0,1,1216.500992
1686986135,1,116.885863,36.668153,0.000000,51.599039,0.000000,0.000000,0,1,51.322911
1686990656,1,117.102080,36.205628,0.000000,14.660878,1.393938,0.000000,0,1,190.588768
1687067633,1,117.098717,36.255525,0.000000,4.450222,0.000000,0.000000,0,1,1436.610238
1686991694,1,117.106505,36.206092,0.000000,40.000000,0.000000,0.000000,0,1,198.930531
1686973642,1,117.026086,36.663362,0.000000,40.245971,0.000000,0.000000,0,1,34.061729
1687070683,1,117.103356,36.257008,0.000000,4.716530,0.000000,0.000000,0,1,1535.429961
1687068782,1,117.100028,36.255153,0.000000,8.369570,0.000000,0.000000,0,1,1442.515959
1687069275,1,117.103264,36.255242,0.000000,4.819678,0.016357,0.000000,0,1,1475.046392
1686967916,1,117.010536,36.660805,0.000000,9.570402,0.000000,0.000000,0,1,33.494089
1686991535,1,117.106505,36.206097,0.000000,40.000000,0.000000,0.000000,0,1,202.175708
1687066835,1,117.098458,36.255497,0.000000,11.850730,0.000000,0.000000,0,1,1431.029573
1686967700,1,117.010553,36.660920,0.000000,14.239477,0.036153,0.000000,0,1,33.069374
1686991691,1,117.106500,36.206100,0.000000,40.000000,0.000000,0.000000,0,1,199.670259
1687073250,1,117.096664,36.257538,0.000000,19.294454,0.000000,0.000000,0,1,1339.728763
1687069492,1,117.103578,36.255833,0.000000,4.633097,0.042825,0.000000,0,1,1488.074422
1687499401,1,118.594125,32.148636,0.000000,35.000000,0.000000,0.000000,0,1,10.671456
1687067653,1,117.098725,36.255572,0.000000,4.741359,0.000000,0.000000,0,1,1440.114306
1686972650,1,117.027153,36.663180,0.000000,2.661452,0.004320,0.000000,0,1,36.672595
1686972651,1,117.027153,36.663180,0.000000,2.541769,0.009799,0.000000,0,1,36.720329
1686972652,1,117.027153,36.663180,0.000000,14.193071,0.009799,0.000000,0,1,36.720329
1687069493,1,117.103578,36.255833,0.000000,4.621468,0.029809,0.000000,0,1,1488.312966
1686902461,1,117.019706,36.666145,0.000000,9.943724,0.000000,0.000000,0,1,33.492537
1687499402,1,118.594125,32.148636,0.000000,35.000000,0.000000,0.000000,0,1,10.671456
1686968657,1,117.009650,36.660595,0.000000,14.253073,0.023955,0.000000,0,1,31.554979
1687067308,1,117.097808,36.255662,0.000000,4.752429,0.041162,0.000000,0,1,1424.124211
1687071041,1,117.103264,36.257072,0.000000,4.735568,0.063173,0.000000,0,1,1527.604098
1686902627,1,117.019019,36.666837,0.000000,12.297452,0.000000,0.000000,0,1,31.509388
1687071042,1,117.103272,36.257075,0.000000,4.648206,0.003399,0.000000,0,1,1529.119065
1687071097,1,117.103272,36.257142,0.000000,4.780955,0.006337,0.000000,0,1,1531.140103
1687067639,1,117.098717,36.255525,0.000000,4.350745,0.000000,0.000000,0,1,1436.242816
1687067291,1,117.097808,36.255680,0.000000,4.751666,0.006595,0.000000,0,1,1425.686147
1686968884,1,117.009361,36.660667,0.000000,15.065965,0.000000,0.000000,0,1,32.532259
1686973654,1,117.026192,36.663345,0.000000,8.187676,0.000000,0.000000,0,1,35.476905
1687067651,1,117.098708,36.255570,0.000000,4.742369,0.000000,0.000000,0,1,1439.473445
1687069874,1,117.104058,36.256633,0.000000,6.572783,0.034204,0.000000,0,1,1505.025014
1687073320,1,117.093483,36.257070,0.000000,4.765517,1.116591,0.000000,0,1,1244.233750
1687073242,1,117.096681,36.257503,0.000000,23.352967,0.799760,0.000000,0,1,1292.302306
1686967701,1,117.010553,36.660920,0.000000,14.239477,0.036153,0.000000,0,1,33.069374
1687499406,1,118.594222,32.148608,0.000000,35.000000,0.000000,0.000000,0,1,10.669938
1686967687,1,117.010553,36.660903,0.000000,8.307956,0.000000,0.000000,0,1,33.494088
1687069872,1,117.104058,36.256650,0.000000,10.063628,0.000000,0.000000,0,1,1504.878832
1686967918,1,117.010492,36.660855,0.000000,15.543705,0.011465,0.000000,0,1,33.945365
1686899760,1,117.028481,36.662120,0.000000,18.737448,0.000000,0.000000,0,1,35.649518
1687067273,1,117.097808,36.255658,0.000000,4.340201,0.007226,0.000000,0,1,1425.174684
1687069798,1,117.103814,36.256608,0.000000,26.497283,0.000000,0.000000,0,1,1503.041639
1687073613,1,117.081100,36.255480,0.000000,34.285965,0.940064,0.000000,0,1,936.100671
1687069869,1,117.104042,36.256650,0.000000,11.120874,0.000000,0.000000,0,1,1488.003156
1686968689,1,117.009644,36.660570,0.000000,14.249546,0.000000,0.000000,0,1,30.301391
1687067261,1,117.097800,36.255670,0.000000,4.454274,0.030594,0.000000,0,1,1423.227036
1686967511,1,117.010819,36.661045,0.000000,21.135239,0.000000,0.000000,0,1,33.477090
1686990857,1,117.107025,36.205830,0.000000,35.000000,0.000000,0.000000,0,1,204.207717
1686899154,1,117.027314,36.662328,0.000000,9.291069,0.040003,0.000000,0,1,34.773136
1686966165,1,117.009889,36.659472,0.000000,7.706100,0.000000,0.000000,0,1,33.477864
1686968692,1,117.009644,36.660570,0.000000,14.249924,0.000000,0.000000,0,1,30.301391
1687067654,1,117.098725,36.255572,0.000000,4.741359,0.000000,0.000000,0,1,1440.114306
1687499407,1,118.594222,32.148608,0.000000,35.000000,0.000000,0.000000,0,1,10.669938
1686969871,1,117.009497,36.660070,0.000000,28.134463,0.000000,0.000000,0,1,33.420977
1686968629,1,117.009767,36.660717,0.000000,35.000000,0.000000,0.000000,0,1,31.595920
1687070644,1,117.103347,36.256997,0.000000,4.642154,0.026214,0.000000,0,1,1530.700840
1686884101,1,117.008492,36.665592,0.000000,51.552471,0.000000,0.000000,0,1,34.705693
1686827636,1,117.031442,36.661312,0.000000,35.824804,0.000000,0.000000,0,1,49.747901
1686827791,1,117.031342,36.661370,0.000000,35.000000,0.000000,0.000000,0,1,49.775584
1680190464,1,118.753363,32.079242,0.000000,35.000000,0.000000,0.000000,0,1,20.671652
1686877785,1,117.026428,36.674880,0.000000,40.000000,0.000000,0.000000,0,1,33.473137
1686827510,1,117.031364,36.661347,0.000000,35.000000,0.000000,0.000000,0,1,49.415729
1686825962,1,117.030633,36.660145,0.000000,48.000000,0.000000,0.000000,0,1,46.468359
1686884260,1,117.008247,36.665112,0.000000,9.872734,0.000000,0.000000,0,1,31.511268
1677064740,1,118.751738,32.080192,0.000000,1414.000000,0.000000,0.000000,0,1,14.058074
1686884832,1,117.009353,36.664562,0.000000,6.941697,0.189468,0.000000,0,1,30.771241
1686827789,1,117.031342,36.661370,0.000000,35.000000,0.000000,0.000000,0,1,49.775584
1686827968,1,117.031395,36.661330,0.000000,35.000000,0.000000,0.000000,0,1,49.325479
1686875864,1,117.022308,36.673203,0.000000,7.412765,0.000000,0.000000,0,1,26.625306
1686827394,1,117.031280,36.661383,0.000000,40.000000,0.000000,0.000000,0,1,49.106396
1679655518,1,118.768730,32.073172,0.000000,35.000000,0.000000,0.000000,0,1,42.224064
1679655522,1,118.768738,32.073083,0.000000,35.000000,0.000000,0.000000,0,1,42.191528
1686879316,1,117.024461,36.675787,0.000000,14.257592,0.766933,0.000000,0,1,27.289671
1677482275,1,118.752088,32.079228,0.000000,35.000000,0.000000,0.000000,0,1,28.011761
1686825959,1,117.030633,36.660145,0.000000,48.000000,0.000000,0.000000,0,1,46.468359
1677063552,1,118.752258,32.080436,0.000000,35.000000,0.000000,0.000000,0,1,13.837973
1686884175,1,117.008383,36.665222,0.000000,21.521617,0.000000,0.000000,0,1,29.601834
1686878494,1,117.025711,36.674945,0.000000,14.303529,0.000000,0.000000,0,1,29.647206
1679655516,1,118.768730,32.073172,0.000000,35.000000,0.000000,0.000000,0,1,42.224064
1677063901,1,118.752237,32.080594,0.000000,35.000000,0.000000,0.000000,0,1,13.746522
1686825968,1,117.030533,36.659687,0.000000,39.117909,0.000000,0.000000,0,1,45.420250
1686829095,1,117.031333,36.661372,0.000000,35.000000,0.000000,0.000000,0,1,49.775532
1686827278,1,117.031364,36.661328,0.000000,35.000000,0.000000,0.000000,0,1,49.721662
1686879791,1,117.019517,36.673563,0.000000,5.778432,0.784470,0.000000,0,1,24.244951
1686899062,1,117.027847,36.662380,0.000000,21.255611,0.000000,0.000000,0,1,35.475394
1686877921,1,117.025733,36.674697,0.000000,36.663759,0.419903,0.000000,0,1,29.944215
1677745036,1,118.751822,32.079800,0.000000,1414.000000,0.000000,0.000000,0,1,24.963785
1686876163,1,117.022942,36.672938,0.000000,14.486214,0.079883,0.000000,0,1,28.125970
1686829097,1,117.031356,36.661337,0.000000,95.333333,0.000000,0.000000,0,1,49.766980
1686881160,1,117.021089,36.676925,0.000000,45.012041,0.000000,0.000000,0,1,67.163230
1686827275,1,117.031342,36.661350,0.000000,35.000000,0.000000,0.000000,0,1,49.582994
1686883715,1,117.009619,36.666203,0.000000,15.180534,0.000000,0.000000,0,1,34.745572
1686827507,1,117.031350,36.661367,0.000000,35.000000,0.000000,0.000000,0,1,49.766899
1686878061,1,117.026161,36.674870,0.000000,14.726027,0.156734,0.000000,0,1,30.221460
1686827639,1,117.031442,36.661312,0.000000,35.824804,0.000000,0.000000,0,1,49.747901
1686877052,1,117.026328,36.674653,0.000000,21.843820,0.000000,0.000000,0,1,28.334541
1686829100,1,117.031380,36.661338,0.000000,35.000000,0.000000,0.000000,0,1,49.762201
1686879138,1,117.027703,36.675172,0.000000,9.446275,0.612844,0.000000,0,1,15.876742
1677064890,1,118.752258,32.080405,0.000000,35.000000,0.000000,0.000000,0,1,13.746964
1686876067,1,117.023139,36.672847,0.000000,78.308779,0.000000,0.000000,0,1,29.245313
1686884258,1,117.008325,36.665100,0.000000,20.945771,0.000000,0.000000,0,1,31.511080
1686879147,1,117.027664,36.675412,0.000000,3.431255,0.748231,0.000000,0,1,27.383713
1686877775,1,117.026436,36.674878,0.000000,40.000000,0.000000,0.000000,0,1,32.480267
1686827069,1,117.031372,36.661358,0.000000,35.000000,0.000000,0.000000,0,1,49.392611
1686879286,1,117.025322,36.675717,0.000000,14.259467,0.649362,0.000000,0,1,29.950936
1677745042,1,118.751822,32.079800,0.000000,1414.000000,0.000000,0.000000,0,1,24.963785
1686825658,1,117.029961,36.660122,0.000000,22.159149,0.000000,0.000000,0,1,45.455171
1686876170,1,117.022964,36.672913,0.000000,14.294205,0.153222,0.000000,0,1,28.105721
1677063463,1,118.752267,32.080600,0.000000,35.000000,0.000000,0.000000,0,1,13.735764
1686884830,1,117.009347,36.664605,0.000000,12.169620,0.421055,0.000000,0,1,31.591779
1686878196,1,117.026070,36.674880,0.000000,14.404781,0.049349,0.000000,0,1,30.125249
1677063647,1,118.752312,32.080314,0.000000,35.000000,0.000000,0.000000,0,1,13.756768
1686827382,1,117.031342,36.661383,0.000000,35.000000,0.000000,0.000000,0,1,49.770526
1674825407,1,118.753355,32.079225,0.000000,10.000000,0.000000,0.000000,0,1,35.735962
1674825384,1,118.753350,32.079228,0.000000,10.000000,0.039683,0.000000,0,1,28.707764
1671372578,1,118.753363,32.079311,0.000000,10.000000,0.000000,0.000000,0,1,45.039429
1674825371,1,118.753363,32.079217,0.000000,10.000000,0.000000,0.000000,0,1,25.673584
1671352423,1,118.753328,32.079220,0.000000,35.000000,0.000000,0.000000,0,1,16.675484
1671874379,1,118.753188,32.079231,0.000000,30.000000,0.000000,0.000000,0,1,22.038757
1674825401,1,118.753355,32.079225,0.000000,10.000000,0.000000,0.000000,0,1,35.159912
1674825357,1,118.753363,32.079217,0.000000,10.000000,0.000000,0.000000,0,1,24.177246
1674825376,1,118.753363,32.079217,0.000000,10.000000,0.000000,0.000000,0,1,25.491089
1671874373,1,118.753363,32.079314,0.000000,35.000000,0.000000,0.000000,0,1,16.156643
1674825367,1,118.753363,32.079217,0.000000,10.000000,0.000000,0.000000,0,1,26.754639
1674825380,1,118.753363,32.079217,0.000000,10.000000,0.000000,0.000000,0,1,26.486328
1671352156,1,118.753333,32.079278,0.000000,35.000000,0.000000,0.000000,0,1,17.656691
1672659475,1,118.753342,32.079175,0.000000,35.000000,0.000000,0.000000,0,1,17.762791
1673170754,1,118.753350,32.079314,0.000000,35.000000,0.000000,0.000000,0,1,16.536182
1674825387,1,118.753342,32.079231,0.000000,10.000000,0.000000,0.000000,0,1,30.566162
1674825361,1,118.753363,32.079217,0.000000,10.000000,0.000000,0.000000,0,1,26.255066
1672658723,1,118.753355,32.079250,0.000000,35.000000,0.000000,0.000000,0,1,16.945078
1674825397,1,118.753355,32.079225,0.000000,10.000000,0.000000,0.000000,0,1,36.405518
1672971546,1,118.751830,32.079283,0.000000,50.635880,0.000000,0.000000,0,1,28.389584
1651907974,1,118.751725,32.078847,0.000000,40.000000,0.000000,0.000000,0,1,18.033377
1651900609,1,118.751617,32.078036,0.000000,35.079600,0.000000,0.000000,0,1,27.565601
1651560166,1,118.752250,32.079197,0.000000,35.000000,0.000000,0.000000,0,1,21.879837
1651900589,1,118.751647,32.078053,0.000000,40.000000,0.000000,0.000000,0,1,27.503946
1688875325,1,115.799453,31.202845,0.000000,35.000000,0.000000,0.000000,0,1,492.992037
1688908323,1,117.496825,30.658175,0.000000,39.000000,0.000000,0.000000,0,1,15.743926
1688908538,1,117.496895,30.658188,0.000000,39.000000,0.000000,0.000000,0,1,15.821970
1689945414,1,118.897963,31.911275,0.000000,24.199578,0.000000,0.000000,0,1,20.582859
1690204104,1,118.897950,31.911187,0.000000,21.043701,0.000000,0.000000,0,1,19.470296
1690205418,1,118.897950,31.911187,0.000000,21.043701,0.000000,0.000000,0,1,19.087163
1690373107,1,118.812195,31.934372,0.000000,40.000000,0.000000,0.000000,0,1,25.475050
1690373106,1,118.812195,31.934372,0.000000,40.000000,0.000000,0.000000,0,1,25.475050
1690373108,1,118.812195,31.934372,0.000000,40.000000,0.000000,0.000000,0,1,25.475050
1690373109,1,118.812212,31.934375,0.000000,40.000000,0.000000,0.000000,0,1,25.475050
1690380169,1,118.897963,31.911175,0.000000,21.365427,0.000000,0.000000,0,1,64.235046
1690432776,1,118.897955,31.911172,0.000000,20.824696,0.000000,0.000000,0,1,19.506328
1690639233,1,118.898000,31.911167,0.000000,-1.000000,0.000000,0.000000,0,1,17.000000
1690641016,1,118.897958,31.911163,0.000000,-1.000000,0.000000,0.000000,0,1,18.096148
1690641179,1,118.897958,31.911163,0.000000,-1.000000,0.000000,0.000000,0,1,17.937836
1690641237,1,118.897955,31.911172,0.000000,20.824696,0.000000,0.000000,0,1,17.782534
1690641306,1,118.898000,31.911167,0.000000,-1.000000,0.000000,0.000000,0,1,17.000000
1690641340,1,118.897955,31.911172,0.000000,20.824696,0.000000,0.000000,0,1,18.002489
1690641416,1,118.897955,31.911172,0.000000,20.824696,0.000000,0.000000,0,1,17.902037
1690903634,1,118.897955,31.911172,0.000000,20.824696,0.000000,0.000000,0,1,17.991240
1690903648,1,118.897955,31.911172,0.000000,20.824696,0.000000,0.000000,0,1,18.090006
1690903661,1,118.897955,31.911172,0.000000,20.824696,0.000000,0.000000,0,1,17.980151
1690903668,1,118.897955,31.911172,0.000000,20.824696,0.000000,0.000000,0,1,17.992491
1690903702,1,118.897955,31.911172,0.000000,20.824696,0.000000,0.000000,0,1,18.123030
1692254918,1,118.898208,31.910780,0.000000,38.405846,0.000000,0.000000,0,1,16.933374
1692431710,1,120.086831,30.307420,0.000000,19.832071,0.000000,0.000000,0,1,5.836695
1692431711,1,120.086831,30.307350,0.000000,19.153823,0.000000,0.000000,0,1,6.541669
1692431890,1,120.086167,30.307017,0.000000,52.331138,0.000000,0.000000,0,1,9.503257
1692431988,1,120.084192,30.307162,0.000000,10.600850,0.000000,0.000000,0,1,5.839855
1692431994,1,120.084183,30.307062,0.000000,7.902724,0.000000,0.000000,0,1,6.103223
1692432054,1,120.084061,30.306620,0.000000,40.000000,0.000000,0.000000,0,1,9.218044
1692433120,1,120.085306,30.300178,0.000000,14.248582,0.088110,0.000000,0,1,8.776306
1692433122,1,120.085306,30.300178,0.000000,14.246478,0.013063,0.000000,0,1,8.624496
1692433172,1,120.085158,30.299792,0.000000,14.270663,0.281517,0.000000,0,1,8.492026
1692433197,1,120.085022,30.299612,0.000000,14.244321,0.000000,0.000000,0,1,7.492528
1692433199,1,120.085022,30.299612,0.000000,14.244094,0.000000,0.000000,0,1,7.492528
1692433964,1,120.079689,30.299363,0.000000,14.243851,0.029176,0.000000,0,1,7.051514
1692433965,1,120.079689,30.299363,0.000000,14.242768,0.028805,0.000000,0,1,7.002985
1692434115,1,120.077933,30.299337,0.000000,14.246384,0.139031,0.000000,0,1,6.098699
1692434314,1,120.076972,30.298250,0.000000,14.241771,0.315684,0.000000,0,1,6.387116
1692522847,1,120.083564,30.307180,0.000000,11.508041,0.000000,0.000000,0,1,6.620000
1692669288,1,120.121361,30.263322,0.000000,40.000000,0.000000,0.000000,0,1,13.103635
1692669321,1,120.120925,30.263430,0.000000,14.259445,0.367902,0.000000,0,1,13.323465
1692669773,1,120.118453,30.264537,0.000000,23.426205,0.000000,0.000000,0,1,20.539353
1692669994,1,120.116439,30.265245,0.000000,14.150376,0.000000,0.000000,0,1,24.177012
1692670040,1,120.116189,30.265167,0.000000,16.828567,0.000000,0.000000,0,1,27.944919
1692697020,1,120.079155,30.340950,0.000000,14.251490,0.265430,0.000000,0,1,9.031095
1692713210,1,120.088814,30.309338,0.000000,35.000000,0.000000,0.000000,0,1,10.845056
1692713217,1,120.088828,30.309358,0.000000,35.000000,0.000000,0.000000,0,1,10.882303
1692757728,1,120.152214,30.261245,0.000000,7.718089,0.513103,0.000000,0,1,10.925436
1692757744,1,120.152222,30.261117,0.000000,14.288891,0.247050,0.000000,0,1,12.390632
1692758090,1,120.153092,30.259478,0.000000,40.000000,0.000000,0.000000,0,1,13.651005
1692758091,1,120.153092,30.259462,0.000000,40.000000,0.000000,0.000000,0,1,13.651380
1692758095,1,120.153030,30.259420,0.000000,13.678588,0.000000,0.000000,0,1,11.153999
1692758100,1,120.153030,30.259420,0.000000,10.268584,0.000000,0.000000,0,1,11.153999
1692758743,1,120.154761,30.258408,0.000000,1049.333333,0.000000,0.000000,0,1,13.111932
1692760509,1,120.141783,30.241930,0.000000,57.538893,0.000000,0.000000,0,1,11.119648
1692760890,1,120.140883,30.240667,0.000000,68.463699,0.000000,0.000000,0,1,12.986897
1692761032,1,120.140511,30.239892,0.000000,11.989469,0.000000,0.000000,0,1,11.904950
1692765117,1,120.144531,30.232797,0.000000,5.890499,0.000000,0.000000,0,1,19.040856
1692765529,1,120.145011,30.232730,0.000000,14.086450,0.000000,0.000000,0,1,16.350184
1692767174,1,120.144608,30.232645,0.000000,47.629055,0.000000,0.000000,0,1,29.468275
1692767179,1,120.144920,30.232892,0.000000,38.000000,0.000000,0.000000,0,1,19.948061
1692767273,1,120.145203,30.234205,0.000000,35.000000,0.000000,0.000000,0,1,32.780283
1692767278,1,120.145317,30.233978,0.000000,51.484417,0.000000,0.000000,0,1,24.602920
1692839727,1,120.077950,30.310178,0.000000,35.000000,0.000000,0.000000,0,1,10.955850
1692839730,1,120.077942,30.310153,0.000000,35.000000,0.000000,0.000000,0,1,10.989135
1692920762,1,120.079208,30.310117,0.000000,117.899834,0.000000,0.000000,0,1,10.371972
1693015723,1,120.080100,30.304870,0.000000,35.000000,0.000000,0.000000,0,1,11.382785
1693023535,1,120.067825,30.302320,0.000000,36.756832,0.000000,0.000000,0,1,6.230541
1693042114,1,120.067300,30.302497,0.000000,35.000000,0.000000,0.000000,0,1,7.170022
1693042116,1,120.067300,30.302497,0.000000,35.000000,0.000000,0.000000,0,1,7.170022
1693045659,1,120.081253,30.311105,0.000000,35.000000,0.000000,0.000000,0,1,10.204237
1693134710,1,120.080125,30.304867,0.000000,35.000000,0.000000,0.000000,0,1,11.061995
1693134877,1,120.080117,30.304887,0.000000,35.000000,0.000000,0.000000,0,1,11.539681
1693134982,1,120.080130,30.304905,0.000000,35.000000,0.000000,0.000000,0,1,11.357295
1693135319,1,120.080130,30.304887,0.000000,35.000000,0.000000,0.000000,0,1,11.409600
1693135412,1,120.079917,30.305503,0.000000,65.621349,0.000000,0.000000,0,1,8.267000
1693135544,1,120.080100,30.304870,0.000000,35.000000,0.000000,0.000000,0,1,11.430305
1693135668,1,120.080125,30.304883,0.000000,35.000000,0.000000,0.000000,0,1,11.280632
1693136497,1,120.080117,30.304888,0.000000,35.000000,0.000000,0.000000,0,1,11.326208
1693136547,1,120.080069,30.304870,0.000000,35.000000,0.000000,0.000000,0,1,11.420997
1693136811,1,120.080125,30.304858,0.000000,50.000000,0.000000,0.000000,0,1,11.391152
1693136962,1,120.080117,30.304908,0.000000,35.000000,0.000000,0.000000,0,1,11.380313
1693137127,1,120.080125,30.304838,0.000000,50.000000,0.000000,0.000000,0,1,11.388112
1693137312,1,120.080108,30.304838,0.000000,35.000000,0.000000,0.000000,0,1,11.404586
1693137451,1,120.080125,30.304875,0.000000,35.000000,0.000000,0.000000,0,1,11.284349
1693137486,1,120.080078,30.304883,0.000000,35.000000,0.000000,0.000000,0,1,11.435308
1693137757,1,120.080100,30.304870,0.000000,35.000000,0.000000,0.000000,0,1,11.358570
1693138189,1,120.080125,30.304892,0.000000,35.000000,0.000000,0.000000,0,1,11.342464
1693138484,1,120.080130,30.304850,0.000000,35.000000,0.000000,0.000000,0,1,11.326232
1693138722,1,120.080117,30.304850,0.000000,35.000000,0.000000,0.000000,0,1,11.308715
1693138877,1,120.080130,30.304845,0.000000,35.000000,0.000000,0.000000,0,1,11.327748
1693139277,1,120.080117,30.304872,0.000000,35.000000,0.000000,0.000000,0,1,11.256371
1693139395,1,120.080130,30.304838,0.000000,50.000000,0.000000,0.000000,0,1,11.380446
1693141841,1,120.080125,30.304912,0.000000,35.000000,0.000000,0.000000,0,1,11.161594
1693144226,1,120.080117,30.304863,0.000000,35.000000,0.000000,0.000000,0,1,11.152036
1693144308,1,120.080108,30.304870,0.000000,35.000000,0.000000,0.000000,0,1,11.315249
1693146044,1,120.079225,30.307670,0.000000,6.282120,0.000000,0.000000,0,1,18.996418
1693198676,1,120.084542,30.309947,0.000000,40.000000,0.000000,0.000000,0,1,9.651313
1693199751,1,120.084525,30.309963,0.000000,35.000000,0.000000,0.000000,0,1,9.659209
1693200022,1,120.084550,30.309975,0.000000,35.000000,0.000000,0.000000,0,1,9.660240
1693207200,1,120.079505,30.304522,0.000000,35.000000,0.000000,0.000000,0,1,10.587102
1693207203,1,120.079505,30.304522,0.000000,35.000000,0.000000,0.000000,0,1,10.587102
1693207361,1,120.079628,30.304467,0.000000,35.000000,0.000000,0.000000,0,1,10.660878
1693208670,1,120.079461,30.304542,0.000000,35.000000,0.000000,0.000000,0,1,10.627506
1693209034,1,120.079483,30.304567,0.000000,35.000000,0.000000,0.000000,0,1,10.600981
1693209125,1,120.079620,30.304488,0.000000,36.000000,0.000000,0.000000,0,1,10.645594
1693209257,1,120.079483,30.304542,0.000000,35.000000,0.000000,0.000000,0,1,10.824371
1693209306,1,120.079505,30.304537,0.000000,35.000000,0.000000,0.000000,0,1,10.621783
1693209335,1,120.079986,30.304563,0.000000,15.965952,1.506206,0.000000,0,1,9.834721
1693209352,1,120.079797,30.304613,0.000000,16.420757,0.196772,0.000000,0,1,10.177426
1693209419,1,120.079597,30.304633,0.000000,14.357110,0.202881,0.000000,0,1,10.038763
1693209442,1,120.079719,30.304638,0.000000,15.185371,0.327856,0.000000,0,1,9.781317
1693209444,1,120.079742,30.304638,0.000000,15.405592,0.307500,0.000000,0,1,9.807966
1693209459,1,120.079758,30.304628,0.000000,15.326922,0.000000,0.000000,0,1,10.055654
1693211011,1,120.079536,30.304520,0.000000,35.000000,0.000000,0.000000,0,1,10.588075
1693211074,1,120.079536,30.304500,0.000000,35.000000,0.000000,0.000000,0,1,10.671037
1693211619,1,120.079575,30.304512,0.000000,35.000000,0.000000,0.000000,0,1,10.587852
1693211817,1,120.079528,30.304513,0.000000,35.000000,0.000000,0.000000,0,1,10.663943
1693211892,1,120.079583,30.304492,0.000000,35.000000,0.000000,0.000000,0,1,10.647734
1693212012,1,120.079645,30.304463,0.000000,35.000000,0.000000,0.000000,0,1,10.580731
1693222019,1,120.078080,30.308005,0.000000,15.392837,0.056250,0.000000,0,1,7.491872
1693222020,1,120.078064,30.308017,0.000000,14.324419,0.000000,0.000000,0,1,7.083758
1693222025,1,120.078111,30.308012,0.000000,14.250918,0.069298,0.000000,0,1,7.268593
1693222087,1,120.078170,30.308005,0.000000,19.096989,0.000000,0.000000,0,1,6.620059
1693222223,1,120.078095,30.308005,0.000000,6.470326,0.009876,0.000000,0,1,7.425949
1693222314,1,120.078125,30.308005,0.000000,13.226526,0.000000,0.000000,0,1,6.619906
1693268237,1,120.079269,30.310133,0.000000,35.000000,0.000000,0.000000,0,1,10.212960
1693281951,1,120.081886,30.307403,0.000000,35.000000,0.000000,0.000000,0,1,9.656591
1693281955,1,120.081733,30.307413,0.000000,21.963930,0.000000,0.000000,0,1,7.323349
1693281999,1,120.081780,30.307475,0.000000,14.288053,0.102503,0.000000,0,1,8.399695
1693282425,1,120.081947,30.307505,0.000000,35.000000,0.000000,0.000000,0,1,10.430336
1693282426,1,120.081947,30.307505,0.000000,35.000000,0.000000,0.000000,0,1,10.430336
1693282428,1,120.081917,30.307420,0.000000,35.000000,0.000000,0.000000,0,1,10.566602
1693282846,1,120.081933,30.307430,0.000000,35.000000,0.000000,0.000000,0,1,10.660015
1693307395,1,120.080095,30.305063,0.000000,35.000000,0.000000,0.000000,0,1,10.001867
1693307408,1,120.080125,30.305103,0.000000,35.000000,0.000000,0.000000,0,1,10.042850
1693307457,1,120.080108,30.305058,0.000000,35.000000,0.000000,0.000000,0,1,9.781084
1693307622,1,120.080100,30.305103,0.000000,35.000000,0.000000,0.000000,0,1,9.997240
1693308011,1,120.079986,30.304813,0.000000,28.435871,0.000000,0.000000,0,1,9.734903
1693309178,1,120.079986,30.304813,0.000000,28.435871,0.000000,0.000000,0,1,9.039303
1693309743,1,120.079986,30.304813,0.000000,28.435871,0.000000,0.000000,0,1,9.760516
1693309847,1,120.079986,30.304813,0.000000,28.435871,0.000000,0.000000,0,1,9.469769
1693309895,1,120.079986,30.304813,0.000000,28.435871,0.000000,0.000000,0,1,9.551479
1693310138,1,120.079986,30.304813,0.000000,28.435871,0.000000,0.000000,0,1,9.385553
1693310475,1,120.079986,30.304813,0.000000,28.435871,0.000000,0.000000,0,1,9.671330
1693310704,1,120.079986,30.304813,0.000000,28.435871,0.000000,0.000000,0,1,9.506266
1693310994,1,120.079986,30.304813,0.000000,28.435871,0.000000,0.000000,0,1,9.939727
1693311091,1,120.079986,30.304813,0.000000,28.435871,0.000000,0.000000,0,1,9.233826
1693311279,1,120.079986,30.304813,0.000000,28.435871,0.000000,0.000000,0,1,9.628210
1693311350,1,120.079986,30.304813,0.000000,28.435871,0.000000,0.000000,0,1,9.880682
1693311506,1,120.079986,30.304813,0.000000,28.435871,0.000000,0.000000,0,1,9.784879
1693311580,1,120.079986,30.304813,0.000000,28.435871,0.000000,0.000000,0,1,9.756202
1693314335,1,120.079986,30.304813,0.000000,28.435871,0.000000,0.000000,0,1,9.870446
1693314368,1,120.079986,30.304813,0.000000,28.435871,0.000000,0.000000,0,1,9.507311
1693314638,1,120.079986,30.304813,0.000000,28.435871,0.000000,0.000000,0,1,9.596271
1693314683,1,120.079986,30.304813,0.000000,28.435871,0.000000,0.000000,0,1,9.339019
1693314808,1,120.079986,30.304813,0.000000,28.435871,0.000000,0.000000,0,1,9.814842
1693314877,1,120.079986,30.304813,0.000000,28.435871,0.000000,0.000000,0,1,9.429502
1693314948,1,120.079986,30.304813,0.000000,28.435871,0.000000,0.000000,0,1,9.273890
1693315018,1,120.079986,30.304813,0.000000,28.435871,0.000000,0.000000,0,1,9.730645
1693315098,1,120.079986,30.304813,0.000000,28.435871,0.000000,0.000000,0,1,9.462152
1693315224,1,120.079986,30.304813,0.000000,28.435871,0.000000,0.000000,0,1,9.761181
1693315491,1,120.079986,30.304813,0.000000,28.435871,0.000000,0.000000,0,1,9.493999
1693315574,1,120.079986,30.304813,0.000000,28.435871,0.000000,0.000000,0,1,9.503709
1693315736,1,120.079986,30.304813,0.000000,28.435871,0.000000,0.000000,0,1,9.114354
1693315968,1,120.079986,30.304813,0.000000,28.435871,0.000000,0.000000,0,1,9.877113
1693316055,1,120.079986,30.304813,0.000000,28.435871,0.000000,0.000000,0,1,9.504583
1693316162,1,120.079986,30.304813,0.000000,28.435871,0.000000,0.000000,0,1,9.419489
1693316297,1,120.079986,30.304813,0.000000,28.435871,0.000000,0.000000,0,1,9.584418
1693316331,1,120.079986,30.304813,0.000000,28.435871,0.000000,0.000000,0,1,9.504790
1693316473,1,120.079986,30.304813,0.000000,28.435871,0.000000,0.000000,0,1,9.484383
1693316488,1,120.079986,30.304813,0.000000,28.435871,0.000000,0.000000,0,1,9.462529
1693316491,1,120.079986,30.304813,0.000000,28.435871,0.000000,0.000000,0,1,9.462529
1693316582,1,120.079986,30.304813,0.000000,28.435871,0.000000,0.000000,0,1,9.508949
1693316661,1,120.079986,30.304813,0.000000,28.435871,0.000000,0.000000,0,1,9.574810
1693316944,1,120.079986,30.304813,0.000000,28.435871,0.000000,0.000000,0,1,9.876762
1693317070,1,120.079986,30.304813,0.000000,28.435871,0.000000,0.000000,0,1,9.967380
1693317267,1,120.079986,30.304813,0.000000,28.435871,0.000000,0.000000,0,1,9.176687
1693317416,1,120.079986,30.304813,0.000000,28.435871,0.000000,0.000000,0,1,9.329943
1693363667,1,120.080008,30.304853,0.000000,26.055303,0.000000,0.000000,0,1,9.570992
1693373021,1,120.072456,30.307703,0.000000,35.000000,0.000000,0.000000,0,1,7.901865
1693376038,1,120.072395,30.307767,0.000000,35.000000,0.000000,0.000000,0,1,7.933282
1693635437,1,120.084100,30.309983,0.000000,35.000000,0.000000,0.000000,0,1,7.183952
1694079605,1,120.084131,30.309897,0.000000,35.000000,0.000000,0.000000,0,1,7.348171
1694079617,1,120.084161,30.309922,0.000000,35.000000,0.000000,0.000000,0,1,7.531483
1694337921,1,120.084167,30.309997,0.000000,35.000000,0.000000,0.000000,0,1,7.590135
1694338110,1,120.084380,30.309612,0.000000,682.171638,0.000000,0.000000,0,1,7.156482
1694563005,1,120.076539,30.310270,0.000000,35.000000,0.000000,0.000000,0,1,9.729408
1694563131,1,120.076500,30.310278,0.000000,35.000000,0.000000,0.000000,0,1,9.731352
1694596754,1,120.087578,30.309220,0.000000,35.000000,0.000000,0.000000,0,1,8.016868
1694597908,1,120.087564,30.309142,0.000000,35.000000,0.000000,0.000000,0,1,7.936823
1694597910,1,120.087564,30.309142,0.000000,35.000000,0.000000,0.000000,0,1,7.936823
1694782988,1,120.076531,30.310258,0.000000,35.000000,0.000000,0.000000,0,1,9.682103
1695025040,1,120.086236,30.303603,0.000000,35.000000,0.000000,0.000000,0,1,9.487418
1695081295,1,120.085167,30.304170,0.000000,35.000000,0.000000,0.000000,0,1,9.942247
1695081957,1,120.085167,30.304170,0.000000,35.000000,0.000000,0.000000,0,1,9.964306
1695081991,1,120.085197,30.304133,0.000000,35.000000,0.000000,0.000000,0,1,9.913253
1695082921,1,120.085128,30.304113,0.000000,35.000000,0.000000,0.000000,0,1,10.736207
1695090501,1,120.083839,30.304680,0.000000,35.000000,0.000000,0.000000,0,1,11.813857
1695091405,1,120.083733,30.304670,0.000000,35.000000,0.000000,0.000000,0,1,11.815662
1695091633,1,120.083817,30.304683,0.000000,35.000000,0.000000,0.000000,0,1,11.795351
1695091700,1,120.083808,30.304678,0.000000,35.000000,0.000000,0.000000,0,1,11.796652
1695092046,1,120.083770,30.304658,0.000000,35.000000,0.000000,0.000000,0,1,11.771108
1695092173,1,120.083786,30.304617,0.000000,35.000000,0.000000,0.000000,0,1,11.811470
1695092253,1,120.083770,30.304675,0.000000,35.000000,0.000000,0.000000,0,1,11.734313
1695092258,1,120.083717,30.304653,0.000000,35.000000,0.000000,0.000000,0,1,11.804569
1695092304,1,120.083770,30.304680,0.000000,35.000000,0.000000,0.000000,0,1,11.818825
1695092379,1,120.083786,30.304667,0.000000,35.000000,0.000000,0.000000,0,1,11.844127
1695092431,1,120.083817,30.304678,0.000000,35.000000,0.000000,0.000000,0,1,11.806550
1695092926,1,120.083878,30.304670,0.000000,35.000000,0.000000,0.000000,0,1,11.904198
1695093089,1,120.083770,30.304705,0.000000,35.000000,0.000000,0.000000,0,1,11.807597
1695093423,1,120.083786,30.304700,0.000000,35.000000,0.000000,0.000000,0,1,11.824055
1695094391,1,120.083825,30.304625,0.000000,35.000000,0.000000,0.000000,0,1,11.819112
1695094448,1,120.083794,30.304645,0.000000,35.000000,0.000000,0.000000,0,1,11.821388
1695101392,1,120.080217,30.305187,0.000000,35.000000,0.000000,0.000000,0,1,9.606553
1695180167,1,120.086281,30.303737,0.000000,35.000000,0.000000,0.000000,0,1,9.611475
1695188192,1,120.084144,30.304887,0.000000,35.000000,0.000000,0.000000,0,1,11.702035
1695188267,1,120.084114,30.304888,0.000000,35.000000,0.000000,0.000000,0,1,10.501051
1695191689,1,120.084244,30.304858,0.000000,35.000000,0.000000,0.000000,0,1,11.715910
1695191754,1,120.084144,30.304880,0.000000,35.000000,0.000000,0.000000,0,1,11.725365
1695191774,1,120.084114,30.304888,0.000000,35.000000,0.000000,0.000000,0,1,11.556900
1695204336,1,120.076490,30.310090,0.000000,35.000000,-1.000000,0.000000,0,1,8.321897
1695381000,1,120.077417,30.307300,0.000000,64.000000,0.000000,0.000000,0,1,7.668174
1695381163,1,120.077470,30.307425,0.000000,38.000000,0.000000,0.000000,0,1,7.815064
1695381690,1,120.077539,30.307363,0.000000,14.232616,0.250560,0.000000,0,1,6.983801
1695381831,1,120.077470,30.307342,0.000000,64.000000,0.000000,0.000000,0,1,7.626668
1695566752,1,120.076561,30.310075,0.000000,35.000000,0.000000,0.000000,0,1,8.380232
1695635335,1,120.086228,30.303555,0.000000,35.000000,0.000000,0.000000,0,1,9.652545
1695686116,1,120.085136,30.304112,0.000000,35.000000,0.000000,0.000000,0,1,10.299891
1695785709,1,120.086258,30.303600,0.000000,35.000000,0.000000,0.000000,0,1,9.937945
1695822704,1,120.076553,30.310283,0.000000,35.000000,0.000000,0.000000,0,1,9.429446
1695865728,1,120.085153,30.304105,0.000000,35.000000,0.000000,0.000000,0,1,10.206070
1695870391,1,120.085136,30.304097,0.000000,35.000000,0.000000,0.000000,0,1,10.178689
1695959225,1,118.806633,31.961895,0.000000,3101.430318,0.000000,0.000000,0,1,20.528057
1696070492,1,118.813513,31.932430,0.000000,35.000000,0.000000,0.000000,0,1,13.546430
1696070499,1,118.813478,31.932447,0.000000,35.000000,0.000000,0.000000,0,1,13.516528
1696220144,1,119.072450,29.650805,0.000000,3.102998,0.015994,0.000000,0,1,105.820743
1696220146,1,119.072442,29.650817,0.000000,2.581896,0.037543,0.000000,0,1,106.009038
1696220147,1,119.072442,29.650817,0.000000,4.599253,0.037543,0.000000,0,1,106.009038
1696221593,1,119.072067,29.650738,0.000000,8.186280,0.000000,0.000000,0,1,103.266498
1696221616,1,119.072089,29.650708,0.000000,4.702714,0.035051,0.000000,0,1,103.914609
1696328702,1,118.897867,31.911362,0.000000,27.422201,0.000000,0.000000,0,1,21.180265
1696472821,1,118.793045,32.064114,0.000000,8.785696,0.229712,0.000000,0,1,34.614425
1696472826,1,118.793113,32.064064,0.000000,4.482616,0.521293,0.000000,0,1,34.999474
1696472832,1,118.793113,32.064072,0.000000,13.592514,0.349545,0.000000,0,1,34.984723
1696478329,1,118.802187,31.960822,0.000000,3033.834448,0.000000,0.000000,0,1,19.073181
1696569558,1,118.790650,31.974333,0.000000,431.035631,0.000000,0.000000,0,1,37.373413
1696569559,1,118.790650,31.974333,0.000000,431.035631,0.000000,0.000000,0,1,37.373413
1696589665,1,120.072089,30.307320,0.000000,40.000000,0.000000,0.000000,0,1,12.592495
1696589714,1,120.072053,30.307267,0.000000,40.000000,0.000000,0.000000,0,1,12.592495
1696590120,1,120.072067,30.307292,0.000000,40.000000,0.000000,0.000000,0,1,12.592495
1696595666,1,120.090080,30.307895,0.000000,35.000000,0.000000,0.000000,0,1,3.967090
1696595668,1,120.090194,30.308022,0.000000,14.423842,0.162165,0.000000,0,1,8.304602
1696643186,1,120.085183,30.304108,0.000000,41.855963,0.000000,0.000000,0,1,9.981098
1696683982,1,120.076553,30.310317,0.000000,36.000000,0.000000,0.000000,0,1,9.290866
1696683988,1,120.076553,30.310280,0.000000,36.000000,0.000000,0.000000,0,1,9.273956
1696683989,1,120.076553,30.310280,0.000000,36.000000,0.000000,0.000000,0,1,9.273956
1696683993,1,120.076561,30.310387,0.000000,36.000000,0.000000,0.000000,0,1,9.844910
1696683995,1,120.076561,30.310387,0.000000,36.000000,0.000000,0.000000,0,1,9.844910
1696683999,1,120.076553,30.310370,0.000000,36.000000,0.000000,0.000000,0,1,9.557787
1696684007,1,120.076544,30.310325,0.000000,36.000000,0.000000,0.000000,0,1,9.406060
1696684009,1,120.076544,30.310325,0.000000,36.000000,0.000000,0.000000,0,1,9.406060
1696684014,1,120.076553,30.310322,0.000000,36.000000,0.000000,0.000000,0,1,9.330501
1696684017,1,120.076544,30.310338,0.000000,36.000000,0.000000,0.000000,0,1,9.271271
1696684020,1,120.076544,30.310338,0.000000,36.000000,0.000000,0.000000,0,1,9.271271
1696749351,1,120.080545,30.304945,0.000000,35.000000,0.000000,0.000000,0,1,10.471132
1696825035,1,120.084795,30.303467,0.000000,35.000000,0.000000,0.000000,0,1,10.865408
1696825053,1,120.084908,30.303317,0.000000,19.353769,0.579896,0.000000,0,1,9.599741
1696844387,1,120.086197,30.303638,0.000000,64.978173,0.000000,0.000000,0,1,9.773652
1696895831,1,120.085105,30.304088,0.000000,35.000000,0.000000,0.000000,0,1,10.220626
1696903472,1,120.083808,30.304662,0.000000,35.000000,0.000000,0.000000,0,1,12.019492
1696903526,1,120.083839,30.304705,0.000000,35.000000,0.000000,0.000000,0,1,11.939809
1696903741,1,120.083778,30.304730,0.000000,35.000000,0.000000,0.000000,0,1,11.915679
1696903876,1,120.083786,30.304750,0.000000,35.000000,0.000000,0.000000,0,1,11.908727
1696903919,1,120.083847,30.304397,0.000000,25.526694,0.144911,0.000000,0,1,10.485460
1696903967,1,120.083725,30.304778,0.000000,16.144678,0.063828,0.000000,0,1,9.730175
1696946512,1,120.076453,30.310287,0.000000,35.000000,0.000000,0.000000,0,1,8.140743
1697010062,1,120.084222,30.305200,0.000000,35.000000,0.000000,0.000000,0,1,11.273594
1697010530,1,120.084222,30.305200,0.000000,35.000000,0.000000,0.000000,0,1,10.017567
1697014199,1,120.085105,30.304072,0.000000,35.000000,0.000000,0.000000,0,1,10.425372
1697014744,1,120.085122,30.304070,0.000000,35.000000,0.000000,0.000000,0,1,10.507859
1697075286,1,120.085175,30.304113,0.000000,35.000000,0.000000,0.000000,0,1,10.207373
1697075805,1,120.085175,30.304120,0.000000,35.000000,0.000000,0.000000,0,1,10.213137
1697082333,1,120.085053,30.304088,0.000000,35.000000,0.000000,0.000000,0,1,10.181124
1697082423,1,120.085053,30.304088,0.000000,35.000000,0.000000,0.000000,0,1,10.183880
1697082495,1,120.085053,30.304087,0.000000,17.862713,0.000000,0.000000,0,1,-91.665670
1697117990,1,120.072547,30.307667,0.000000,35.000000,0.000000,0.000000,0,1,8.309175
1697118072,1,120.072542,30.307622,0.000000,35.000000,0.000000,0.000000,0,1,8.314461
1697119013,1,120.072503,30.307695,0.000000,35.000000,0.000000,0.000000,0,1,8.391054
1697244775,1,120.083886,30.305900,0.000000,35.000000,0.000000,0.000000,0,1,9.187271
1697244779,1,120.083900,30.305917,0.000000,35.000000,0.000000,0.000000,0,1,9.042252
1697246498,1,120.083878,30.305892,0.000000,35.000000,0.000000,0.000000,0,1,9.308225
1697246502,1,120.083892,30.305925,0.000000,35.000000,0.000000,0.000000,0,1,9.156076
1697246504,1,120.083892,30.305925,0.000000,35.000000,0.000000,0.000000,0,1,9.156076
1697246507,1,120.083878,30.305900,0.000000,35.000000,0.000000,0.000000,0,1,9.230818
1697246557,1,120.083878,30.305895,0.000000,35.000000,0.000000,0.000000,0,1,9.075143
1697246568,1,120.083892,30.305908,0.000000,35.000000,0.000000,0.000000,0,1,9.075797
1697246573,1,120.083892,30.305892,0.000000,35.000000,0.000000,0.000000,0,1,9.064978
1697268720,1,120.077400,30.310172,0.000000,38.190324,0.000000,0.000000,0,1,8.687055
1697293233,1,120.076539,30.310328,0.000000,35.000000,0.000000,0.000000,0,1,9.053434
1697293242,1,120.076544,30.310288,0.000000,35.000000,0.000000,0.000000,0,1,9.053966
1697293244,1,120.076531,30.310267,0.000000,35.000000,0.000000,0.000000,0,1,9.028337
1697293250,1,120.076539,30.310305,0.000000,35.000000,0.000000,0.000000,0,1,9.017173
1697293366,1,120.076539,30.310292,0.000000,35.000000,0.000000,0.000000,0,1,9.024789
1697449932,1,120.086342,30.303688,0.000000,35.000000,0.000000,0.000000,0,1,9.753246
1697464310,1,120.072480,30.307737,0.000000,35.000000,0.000000,0.000000,0,1,7.142849
1697464311,1,120.072480,30.307737,0.000000,35.000000,0.000000,0.000000,0,1,7.142849
1697464313,1,120.072564,30.307700,0.000000,35.000000,0.000000,0.000000,0,1,7.290859
1697464449,1,120.072608,30.307683,0.000000,35.000000,0.000000,0.000000,0,1,7.221077
1697464517,1,120.072608,30.307683,0.000000,57.546225,0.000000,0.000000,0,1,7.384891
1697464615,1,120.072608,30.307650,0.000000,35.000000,0.000000,0.000000,0,1,7.277848
1697464705,1,120.072578,30.307647,0.000000,35.000000,0.000000,0.000000,0,1,7.201673
1697464726,1,120.072639,30.307647,0.000000,35.000000,0.000000,0.000000,0,1,7.283339
1697464758,1,120.072600,30.307653,0.000000,35.000000,0.000000,0.000000,0,1,7.304641
1697465043,1,120.072586,30.307663,0.000000,35.000000,0.000000,0.000000,0,1,7.576879
1697465059,1,120.072578,30.307695,0.000000,35.000000,0.000000,0.000000,0,1,7.232792
1697466314,1,120.072625,30.307653,0.000000,35.000000,0.000000,0.000000,0,1,7.330157
1697466421,1,120.072608,30.307683,0.000000,35.000000,0.000000,0.000000,0,1,7.175624
1697599857,1,120.086228,30.303655,0.000000,35.000000,0.000000,0.000000,0,1,9.795121
1697680009,1,120.085144,30.304095,0.000000,35.000000,0.000000,0.000000,0,1,10.153359
1697963323,1,120.076522,30.310312,0.000000,35.000000,0.000000,0.000000,0,1,9.363746
1697963325,1,120.076522,30.310312,0.000000,35.000000,0.000000,0.000000,0,1,9.363746
1697963345,1,120.076539,30.310355,0.000000,35.000000,0.000000,0.000000,0,1,9.345959
1697963348,1,120.076539,30.310350,0.000000,35.000000,0.000000,0.000000,0,1,9.342180
1697963353,1,120.076522,30.310342,0.000000,35.000000,0.000000,0.000000,0,1,9.357468
1697963356,1,120.076522,30.310342,0.000000,35.000000,0.000000,0.000000,0,1,9.357468
1697963360,1,120.076531,30.310317,0.000000,35.000000,0.000000,0.000000,0,1,9.360380
1697963365,1,120.076539,30.310337,0.000000,35.000000,0.000000,0.000000,0,1,9.350853
1697963374,1,120.076539,30.310328,0.000000,35.000000,0.000000,0.000000,0,1,9.349376
1697963377,1,120.076531,30.310363,0.000000,36.000000,0.000000,0.000000,0,1,9.348866
1697963391,1,120.076539,30.310338,0.000000,35.000000,0.000000,0.000000,0,1,9.438486
1697963396,1,120.076539,30.310328,0.000000,35.000000,0.000000,0.000000,0,1,9.433496
1697963402,1,120.076531,30.310350,0.000000,35.000000,0.000000,0.000000,0,1,9.438727
1697971942,1,120.084703,30.304895,0.000000,35.000000,0.000000,0.000000,0,1,10.427419
1697971999,1,120.084703,30.304900,0.000000,35.000000,0.000000,0.000000,0,1,10.452106
1697974317,1,120.084694,30.304908,0.000000,35.000000,0.000000,0.000000,0,1,10.476304
1697978993,1,120.084725,30.304903,0.000000,35.000000,0.000000,0.000000,0,1,10.410882
1698068120,1,120.072480,30.307678,0.000000,35.000000,0.000000,0.000000,0,1,8.543104
1698068137,1,120.072395,30.307638,0.000000,35.000000,0.000000,0.000000,0,1,8.624434
1698068183,1,120.072511,30.307653,0.000000,35.000000,0.000000,0.000000,0,1,8.601412
1698068211,1,120.072442,30.307708,0.000000,35.000000,0.000000,0.000000,0,1,8.624510
1698068243,1,120.072456,30.307653,0.000000,35.000000,0.000000,0.000000,0,1,8.622772
1698068301,1,120.072472,30.307713,0.000000,35.000000,0.000000,0.000000,0,1,8.643709
1698068317,1,120.072525,30.307637,0.000000,35.000000,0.000000,0.000000,0,1,8.625770
1698068360,1,120.072472,30.307675,0.000000,35.000000,0.000000,0.000000,0,1,8.626491
1698068382,1,120.072503,30.307700,0.000000,35.000000,0.000000,0.000000,0,1,8.633981
1698068398,1,120.072425,30.307708,0.000000,35.000000,0.000000,0.000000,0,1,8.614836
1698068425,1,120.072472,30.307695,0.000000,35.000000,0.000000,0.000000,0,1,8.634773
1698068443,1,120.072511,30.307653,0.000000,35.000000,0.000000,0.000000,0,1,8.622894
1698068478,1,120.072564,30.307688,0.000000,35.000000,0.000000,0.000000,0,1,8.620678
1698068533,1,120.072517,30.307695,0.000000,35.000000,0.000000,0.000000,0,1,8.631491
1698068646,1,120.072450,30.307670,0.000000,35.000000,0.000000,0.000000,0,1,8.583023
1698068681,1,120.072480,30.307703,0.000000,35.000000,0.000000,0.000000,0,1,8.628048
1698068733,1,120.072533,30.307653,0.000000,35.000000,0.000000,0.000000,0,1,8.625583
1698068853,1,120.072425,30.307703,0.000000,35.000000,0.000000,0.000000,0,1,8.638554
1698068969,1,120.072486,30.307663,0.000000,35.000000,0.000000,0.000000,0,1,8.641098
1698069005,1,120.072525,30.307650,0.000000,35.000000,0.000000,0.000000,0,1,8.602818
1698069063,1,120.072495,30.307695,0.000000,35.000000,0.000000,0.000000,0,1,8.613167
1698204666,1,120.086281,30.303645,0.000000,35.000000,0.000000,0.000000,0,1,9.668462
1698284963,1,120.085067,30.304047,0.000000,35.000000,0.000000,0.000000,0,1,10.019918
1698327709,1,120.079689,30.299205,0.000000,35.000000,0.000000,0.000000,0,1,30.719877
1698327729,1,120.079650,30.299237,0.000000,35.000000,0.000000,0.000000,0,1,30.719877
1698327773,1,120.079825,30.298930,0.000000,14.784996,0.307289,0.000000,0,1,7.169795
1698327846,1,120.079675,30.299203,0.000000,35.000000,0.000000,0.000000,0,1,30.719107
1698328016,1,120.079811,30.298978,0.000000,14.258637,0.187597,0.000000,0,1,10.814846
1698328027,1,120.079697,30.299212,0.000000,35.000000,0.000000,0.000000,0,1,10.816943
1698328028,1,120.079697,30.299212,0.000000,35.000000,0.000000,0.000000,0,1,10.816943
1698328030,1,120.079697,30.299212,0.000000,35.000000,0.000000,0.000000,0,1,10.816943
1698328038,1,120.079658,30.299197,0.000000,35.000000,0.000000,0.000000,0,1,30.717726
1698328162,1,120.079675,30.299242,0.000000,35.000000,0.000000,0.000000,0,1,30.719877
1698328427,1,120.079675,30.299200,0.000000,35.000000,0.000000,0.000000,0,1,30.719877
1698328510,1,120.079711,30.299172,0.000000,35.000000,0.000000,0.000000,0,1,30.690022
1698328556,1,120.079855,30.299045,0.000000,29.526949,0.096807,0.000000,0,1,7.645318
1698328661,1,120.079789,30.298930,0.000000,14.252864,0.064103,0.000000,0,1,8.855803
1698328668,1,120.079917,30.298913,0.000000,14.616610,0.571519,0.000000,0,1,8.941788
1698328669,1,120.079917,30.298913,0.000000,14.616610,0.571519,0.000000,0,1,8.941788
1698328795,1,120.079667,30.299233,0.000000,35.000000,0.000000,0.000000,0,1,30.719877
1698328886,1,120.079797,30.299020,0.000000,14.248360,0.000000,0.000000,0,1,9.308508
1698328894,1,120.079706,30.299075,0.000000,35.000000,0.000000,0.000000,0,1,30.719748
1698331256,1,120.079750,30.299050,0.000000,35.000000,0.000000,0.000000,0,1,30.719877
1698331262,1,120.079750,30.299053,0.000000,35.000000,0.000000,0.000000,0,1,30.719877
1698331541,1,120.079911,30.299003,0.000000,59.502842,0.000000,0.000000,0,1,30.719877
1698331542,1,120.079911,30.299003,0.000000,59.502842,0.000000,0.000000,0,1,30.719877
1698331543,1,120.079911,30.299003,0.000000,59.502842,0.000000,0.000000,0,1,30.719877
1698331546,1,120.079911,30.299003,0.000000,59.502842,0.000000,0.000000,0,1,30.719877
1698331547,1,120.079911,30.299003,0.000000,59.502842,0.000000,0.000000,0,1,30.719877
1698456661,1,120.076470,30.310250,0.000000,35.000000,0.000000,0.000000,0,1,9.506875
1698491585,1,120.081392,30.311120,0.000000,35.000000,0.000000,0.000000,0,1,9.536777
1698553264,1,120.071389,30.308620,0.000000,35.000000,0.000000,0.000000,0,1,9.368724
1698553266,1,120.071389,30.308620,0.000000,35.000000,0.000000,0.000000,0,1,9.368724
1698553269,1,120.071381,30.308603,0.000000,35.000000,0.000000,0.000000,0,1,9.472338
1698589544,1,120.076470,30.310228,0.000000,35.000000,0.000000,0.000000,0,1,13.316784
1698589550,1,120.076470,30.310228,0.000000,35.000000,0.000000,0.000000,0,1,11.693517
1698589552,1,120.076470,30.310228,0.000000,35.000000,0.000000,0.000000,0,1,11.693517
1698589555,1,120.076470,30.310228,0.000000,35.000000,0.000000,0.000000,0,1,10.111799
1698589557,1,120.076470,30.310228,0.000000,35.000000,0.000000,0.000000,0,1,10.111799
1698649524,1,120.076470,30.310205,0.000000,35.000000,0.000000,0.000000,0,1,10.556227
1698649526,1,120.076470,30.310205,0.000000,35.000000,0.000000,0.000000,0,1,10.556227
1698659073,1,120.086258,30.303633,0.000000,35.000000,0.000000,0.000000,0,1,10.091085
1698672890,1,120.072022,30.306647,0.000000,40.000277,0.000000,0.000000,0,1,6.843617
1698672902,1,120.071992,30.306647,0.000000,124.018368,0.000000,0.000000,0,1,7.102764
1698672991,1,120.072036,30.306663,0.000000,40.000026,0.000000,0.000000,0,1,6.790039
1698673033,1,120.071992,30.306588,0.000000,52.331230,0.000000,0.000000,0,1,6.773329
1698673106,1,120.072014,30.306655,0.000000,40.000000,0.000000,0.000000,0,1,6.744781
1698673256,1,120.072006,30.306655,0.000000,40.000343,0.000000,0.000000,0,1,6.777183
1698673285,1,120.071992,30.306588,0.000000,47.417921,0.000000,0.000000,0,1,6.868875
1698673315,1,120.071992,30.306578,0.000000,53.000000,0.000000,0.000000,0,1,6.865124
1698673746,1,120.072045,30.306683,0.000000,40.000000,0.000000,0.000000,0,1,6.858615
1698673747,1,120.072006,30.306663,0.000000,91.270670,0.000000,0.000000,0,1,6.756814
1698673749,1,120.071997,30.306620,0.000000,52.331138,0.000000,0.000000,0,1,6.785574
1698673750,1,120.071997,30.306620,0.000000,52.331138,0.000000,0.000000,0,1,6.785574
1698673759,1,120.071997,30.306650,0.000000,122.265241,0.000000,0.000000,0,1,6.729509
1698673761,1,120.071997,30.306613,0.000000,52.331138,0.000000,0.000000,0,1,6.799465
1698673802,1,120.072022,30.306645,0.000000,45.752000,0.000000,0.000000,0,1,6.809705
1698673971,1,120.072036,30.306703,0.000000,40.000000,0.000000,0.000000,0,1,6.988915
1698674583,1,120.071992,30.306520,0.000000,44.635098,0.000000,0.000000,0,1,6.927600
1698674592,1,120.071997,30.306608,0.000000,52.331138,0.000000,0.000000,0,1,6.873297
1698674688,1,120.072036,30.306678,0.000000,40.000000,0.000000,0.000000,0,1,6.884518
1698674722,1,120.071983,30.306592,0.000000,53.000000,0.000000,0.000000,0,1,6.806400
1698674771,1,120.071983,30.306580,0.000000,53.000000,0.000000,0.000000,0,1,6.804010
1698674922,1,120.072022,30.306680,0.000000,40.000664,0.000000,0.000000,0,1,6.810637
1698677207,1,120.072028,30.306662,0.000000,40.000000,0.000000,0.000000,0,1,7.048762
1698677209,1,120.072028,30.306662,0.000000,40.000000,0.000000,0.000000,0,1,7.048762
1698677220,1,120.072053,30.306720,0.000000,40.000000,0.000000,0.000000,0,1,6.745782
1698824755,1,120.084228,30.304917,0.000000,35.000000,0.000000,0.000000,0,1,12.263244
1698828651,1,120.085114,30.304067,0.000000,35.000000,0.000000,0.000000,0,1,10.059744
1698889922,1,120.085128,30.304045,0.000000,35.000000,0.000000,0.000000,0,1,10.522887
1699188256,1,120.084678,30.304883,0.000000,35.000000,0.000000,0.000000,0,1,10.792629
1699241669,1,120.084603,30.303403,0.000000,35.000000,0.000000,0.000000,0,1,9.859890
1699242557,1,120.084617,30.303408,0.000000,35.000000,0.000000,0.000000,0,1,9.819571
1699242704,1,120.084611,30.303395,0.000000,35.000000,0.000000,0.000000,0,1,9.835617
1699433476,1,120.085219,30.304072,0.000000,35.000000,0.000000,0.000000,0,1,8.008211
1699494510,1,120.085167,30.304080,0.000000,35.000000,0.000000,0.000000,0,1,9.903519
1699496050,1,120.085153,30.304078,0.000000,35.000000,0.000000,0.000000,0,1,9.965121
1699498145,1,120.085122,30.304047,0.000000,35.000000,0.000000,0.000000,0,1,10.061786
1699498149,1,120.085128,30.304050,0.000000,72.973960,0.000000,0.000000,0,1,10.088403
1699499827,1,120.085219,30.304072,0.000000,35.000000,0.000000,0.000000,0,1,8.007638
1699773620,1,120.076531,30.310347,0.000000,35.000000,0.000000,0.000000,0,1,10.226249
1699773624,1,120.076514,30.310322,0.000000,35.000000,0.000000,0.000000,0,1,10.200765
1699773628,1,120.076514,30.310322,0.000000,35.000000,0.000000,0.000000,0,1,10.200765
1699773631,1,120.076539,30.310380,0.000000,35.000000,0.000000,0.000000,0,1,10.188551
1699773633,1,120.076539,30.310380,0.000000,35.000000,0.000000,0.000000,0,1,10.188551
1699849108,1,120.084686,30.303405,0.000000,14.869782,0.068507,0.000000,0,1,9.211856
1700014726,1,120.057625,30.159056,0.000000,68.331091,0.300481,0.000000,0,1,14.385957
1700014729,1,120.057647,30.159230,0.000000,58.528543,0.000000,0.000000,0,1,14.048822
1700014733,1,120.057694,30.159208,0.000000,44.379478,0.311662,0.000000,0,1,13.879053
1700037547,1,120.057633,30.159547,0.000000,6.048985,0.100640,0.000000,0,1,13.764519
1700037601,1,120.057625,30.159506,0.000000,3.595299,0.012223,0.000000,0,1,12.781795
1700037641,1,120.057633,30.159517,0.000000,4.754530,0.009741,0.000000,0,1,14.883504
1700037822,1,120.057511,30.159503,0.000000,31.165668,0.000000,0.000000,0,1,-8.013368
1700037827,1,120.057486,30.159486,0.000000,23.787127,0.000000,0.000000,0,1,13.563827
1700037835,1,120.057564,30.159486,0.000000,4.621270,0.076300,0.000000,0,1,14.559007
1700037882,1,120.057464,30.159389,0.000000,32.925411,0.000000,0.000000,0,1,14.803105
1700038240,1,120.057930,30.159575,0.000000,57.000000,0.000000,0.000000,0,1,14.575253
1700038437,1,120.057458,30.159156,0.000000,36.000000,0.000000,0.000000,0,1,15.341536
1700038542,1,120.057433,30.158936,0.000000,36.000000,0.000000,0.000000,0,1,17.577128
1700038753,1,120.056481,30.159078,0.000000,58.084336,0.000000,0.000000,0,1,14.128548
1700038755,1,120.056372,30.159022,0.000000,5.478537,0.084960,0.000000,0,1,14.615424
1700038949,1,120.053947,30.158875,0.000000,15.361207,0.384665,0.000000,0,1,-9.273410
1700038950,1,120.054030,30.158833,0.000000,7.087161,0.346615,0.000000,0,1,15.294070
1700039137,1,120.052161,30.157783,0.000000,9.460608,0.065847,0.000000,0,1,18.182153
1700039194,1,120.051558,30.157342,0.000000,11.511316,0.000000,0.000000,0,1,16.707310
1700039280,1,120.050706,30.156780,0.000000,6.811504,0.450356,0.000000,0,1,14.635175
1700039709,1,120.049142,30.154547,0.000000,35.000000,0.000000,0.000000,0,1,14.431470
1700040797,1,120.048697,30.154189,0.000000,30.021123,0.000000,0.000000,0,1,11.832044
1700099789,1,120.085144,30.304050,0.000000,35.000000,0.000000,0.000000,0,1,9.971566
1700107552,1,120.085175,30.304080,0.000000,35.000000,0.000000,0.000000,0,1,9.913014
1700210227,1,120.076531,30.310358,0.000000,35.000000,0.000000,0.000000,0,1,10.221801
1700214076,1,120.014739,30.291680,0.000000,4.510155,0.036225,0.000000,0,1,4.175300
1700214079,1,120.014739,30.291680,0.000000,4.469998,0.000000,0.000000,0,1,4.175300
1700214083,1,120.014739,30.291680,0.000000,4.461232,0.000000,0.000000,0,1,4.175300
1700214177,1,120.012658,30.291242,0.000000,4.744180,0.007004,0.000000,0,1,4.200456
1700214182,1,120.012658,30.291242,0.000000,4.743388,0.027050,0.000000,0,1,3.808002
1700214461,1,120.003600,30.288575,0.000000,4.759118,0.129720,0.000000,0,1,5.812439
1700214465,1,120.003600,30.288570,0.000000,4.738762,0.009472,0.000000,0,1,6.087650
1700214468,1,120.003600,30.288570,0.000000,4.738973,0.000000,0.000000,0,1,6.093658
1700215140,1,119.996605,30.283213,0.000000,4.733885,0.228969,0.000000,0,1,6.622688
1700217763,1,120.029092,30.296153,0.000000,4.740513,0.010063,0.000000,0,1,5.883353
1700217774,1,120.029083,30.296155,0.000000,4.741894,0.000000,0.000000,0,1,6.131086
1700217801,1,120.029206,30.296213,0.000000,4.733077,0.191623,0.000000,0,1,7.658834
1700221480,1,120.076478,30.310337,0.000000,35.000000,0.000000,0.000000,0,1,8.821000
1700221488,1,120.076478,30.310337,0.000000,35.000000,0.000000,0.000000,0,1,8.820810
1700221546,1,120.076478,30.310337,0.000000,35.000000,0.000000,0.000000,0,1,8.824747
1700401151,1,120.076570,30.310287,0.000000,35.000000,0.000000,0.000000,0,1,9.059016
1700401160,1,120.076570,30.310287,0.000000,35.000000,0.000000,0.000000,0,1,9.275237
1700401163,1,120.076570,30.310287,0.000000,35.000000,0.000000,0.000000,0,1,9.275237
1700451127,1,120.084778,30.303408,0.000000,40.000000,0.000000,0.000000,0,1,9.763053
1700451279,1,120.084733,30.303430,0.000000,35.000000,0.000000,0.000000,0,1,12.988621
1700487043,1,120.071997,30.306633,0.000000,106.349824,0.000000,0.000000,0,1,6.771748
1700487142,1,120.072006,30.306687,0.000000,40.000000,0.000000,0.000000,0,1,6.593859
1700487294,1,120.072006,30.306697,0.000000,40.000000,0.000000,0.000000,0,1,6.582379
1700487317,1,120.071953,30.306687,0.000000,35.000000,0.000000,0.000000,0,1,6.563438
1700487319,1,120.071969,30.306653,0.000000,114.064893,0.000000,0.000000,0,1,6.582520
1700487450,1,120.071953,30.306700,0.000000,115.817460,0.000000,0.000000,0,1,6.600906
1700487510,1,120.071975,30.306763,0.000000,35.000000,0.000000,0.000000,0,1,6.591711
1700487540,1,120.071922,30.306692,0.000000,35.000000,0.000000,0.000000,0,1,6.590462
1700487587,1,120.071997,30.306672,0.000000,40.000000,0.000000,0.000000,0,1,6.586238
1700487836,1,120.071983,30.306625,0.000000,65.201964,0.000000,0.000000,0,1,6.579221
1700488050,1,120.071992,30.306687,0.000000,35.000000,0.000000,0.000000,0,1,6.595650
1700488300,1,120.072028,30.306717,0.000000,40.000000,0.000000,0.000000,0,1,6.583238
1700488333,1,120.071997,30.306672,0.000000,40.000000,0.000000,0.000000,0,1,6.592076
1700488468,1,120.072006,30.306680,0.000000,40.000000,0.000000,0.000000,0,1,6.588115
1700488548,1,120.072014,30.306747,0.000000,40.000000,0.000000,0.000000,0,1,6.599595
1700488838,1,120.072022,30.306745,0.000000,40.000000,0.000000,0.000000,0,1,6.584421
1700488876,1,120.071953,30.306745,0.000000,35.000000,0.000000,0.000000,0,1,6.583705
1700488979,1,120.072006,30.306680,0.000000,40.000000,0.000000,0.000000,0,1,6.595393
1700489065,1,120.071961,30.306720,0.000000,35.000000,0.000000,0.000000,0,1,6.589924
1700489134,1,120.072006,30.306658,0.000000,96.867132,0.000000,0.000000,0,1,6.588743
1700489357,1,120.071992,30.306822,0.000000,35.000000,0.000000,0.000000,0,1,6.565341
1700489715,1,120.071953,30.306717,0.000000,35.000000,0.000000,0.000000,0,1,6.591858
1700489719,1,120.071997,30.306678,0.000000,40.000000,0.000000,0.000000,0,1,6.592195
1700489733,1,120.071945,30.306763,0.000000,40.000000,0.000000,0.000000,0,1,6.592128
1700489734,1,120.071945,30.306763,0.000000,40.000000,0.000000,0.000000,0,1,6.592128
1700489746,1,120.071961,30.306720,0.000000,35.000000,0.000000,0.000000,0,1,6.591671
1700489748,1,120.071961,30.306720,0.000000,35.000000,0.000000,0.000000,0,1,6.591671
1700489756,1,120.071992,30.306737,0.000000,35.000000,0.000000,0.000000,0,1,6.591412
1700489786,1,120.072028,30.306720,0.000000,40.000000,0.000000,0.000000,0,1,6.599212
1700489787,1,120.072028,30.306720,0.000000,40.000000,0.000000,0.000000,0,1,6.599212
1700489905,1,120.071997,30.306762,0.000000,35.000000,0.000000,0.000000,0,1,6.579412
1700489907,1,120.071997,30.306762,0.000000,35.000000,0.000000,0.000000,0,1,6.579412
1700490118,1,120.071975,30.306745,0.000000,35.000000,0.000000,0.000000,0,1,6.601351
1700528062,1,120.085128,30.304020,0.000000,35.000000,0.000000,0.000000,0,1,9.820685
1700622069,1,120.086272,30.303653,0.000000,35.000000,0.000000,0.000000,0,1,8.846704
1700623065,1,120.086219,30.303647,0.000000,35.000000,0.000000,0.000000,0,1,8.758710
1700656723,1,120.084106,30.310025,0.000000,35.000000,0.000000,0.000000,0,1,7.279098
1700704482,1,120.085114,30.304030,0.000000,35.000000,0.000000,0.000000,0,1,9.812971
1700708650,1,120.085114,30.304013,0.000000,35.000000,0.000000,0.000000,0,1,10.123502
1700708802,1,120.085114,30.304013,0.000000,35.000000,0.000000,0.000000,0,1,-25.778782
1700745780,1,120.080567,30.305088,0.000000,35.000000,0.000000,0.000000,0,1,9.202662
1700746154,1,120.080567,30.305088,0.000000,35.000000,0.000000,0.000000,0,1,9.149202
1700746314,1,120.080575,30.305092,0.000000,35.000000,0.000000,0.000000,0,1,9.103940
1700746321,1,120.080567,30.305108,0.000000,35.000000,0.000000,0.000000,0,1,9.087341
1700746322,1,120.080558,30.305097,0.000000,35.000000,0.000000,0.000000,0,1,9.235049
1700746365,1,120.080558,30.305120,0.000000,35.000000,0.000000,0.000000,0,1,9.374041
1700746380,1,120.080580,30.305150,0.000000,63.333333,0.000000,0.000000,0,1,9.461249
1700746438,1,120.080575,30.305072,0.000000,35.000000,0.000000,0.000000,0,1,9.343318
1700746885,1,120.080689,30.305133,0.000000,51.405217,0.000000,0.000000,0,1,10.064463
1700746908,1,120.080689,30.305133,0.000000,51.405217,0.000000,0.000000,0,1,10.064463
1700747021,1,120.080689,30.305133,0.000000,51.405217,0.000000,0.000000,0,1,10.064463
1700747175,1,120.080689,30.305133,0.000000,51.405217,0.000000,0.000000,0,1,10.064463
1700747309,1,120.080567,30.304892,0.000000,17.344861,0.658148,0.000000,0,1,9.455352
1700747311,1,120.080606,30.304955,0.000000,16.406511,0.210931,0.000000,0,1,9.492148
1700747315,1,120.080589,30.304963,0.000000,29.704035,0.000000,0.000000,0,1,9.490944
1700747345,1,120.080658,30.305108,0.000000,47.283240,0.000000,0.000000,0,1,-0.568202
1700747347,1,120.080658,30.305108,0.000000,47.283240,0.000000,0.000000,0,1,-0.568202
1700747380,1,120.080658,30.305108,0.000000,44.666325,0.000000,0.000000,0,1,9.461278
1700747457,1,120.080689,30.305145,0.000000,46.254692,0.000000,0.000000,0,1,-5.668960
1700747458,1,120.080689,30.305145,0.000000,46.254692,0.000000,0.000000,0,1,-5.668960
1700747619,1,120.080689,30.305145,0.000000,46.254692,0.000000,0.000000,0,1,-7.306773
1700747652,1,120.080689,30.305145,0.000000,46.254692,0.000000,0.000000,0,1,-7.306773
1700748559,1,120.080697,30.305142,0.000000,44.883100,0.000000,0.000000,0,1,-7.225831
1700748573,1,120.080697,30.305142,0.000000,44.883100,0.000000,0.000000,0,1,-7.290704
1700748825,1,120.080697,30.305142,0.000000,44.883100,0.000000,0.000000,0,1,-7.306724
1700748970,1,120.080697,30.305138,0.000000,42.079581,0.000000,0.000000,0,1,-4.615439
1700749024,1,120.080697,30.305138,0.000000,42.079581,0.000000,0.000000,0,1,-4.693702
1700749037,1,120.080697,30.305138,0.000000,42.079581,0.000000,0.000000,0,1,-4.693733
1700750291,1,120.080619,30.305070,0.000000,46.901849,0.000000,0.000000,0,1,-2.024384
1700750441,1,120.080575,30.305020,0.000000,14.303050,0.081201,0.000000,0,1,8.309084
1700750443,1,120.080567,30.305020,0.000000,14.310570,0.000000,0.000000,0,1,8.333487
1700750474,1,120.080444,30.304980,0.000000,14.749781,0.281753,0.000000,0,1,9.729603
1700750477,1,120.080444,30.304987,0.000000,14.791662,0.000000,0.000000,0,1,9.744138
1700750501,1,120.080436,30.305030,0.000000,15.835885,0.000000,0.000000,0,1,9.753646
1700750509,1,120.080458,30.305038,0.000000,16.070634,0.000000,0.000000,0,1,9.566444
1700750510,1,120.080475,30.305050,0.000000,16.099722,0.009188,0.000000,0,1,9.295457
1700750514,1,120.080453,30.305005,0.000000,16.466987,0.246767,0.000000,0,1,9.324818
1700750515,1,120.080458,30.305012,0.000000,17.594857,0.000000,0.000000,0,1,9.992015
1700750518,1,120.080467,30.305003,0.000000,16.430780,0.033978,0.000000,0,1,10.031461
1700750540,1,120.080361,30.305012,0.000000,23.277240,0.000000,0.000000,0,1,9.894973
1700750546,1,120.080392,30.305003,0.000000,21.200137,0.000000,0.000000,0,1,9.749865
1700750548,1,120.080750,30.304967,0.000000,14.314954,0.000000,0.000000,0,1,9.710588
1700750576,1,120.080558,30.304967,0.000000,14.375131,0.170409,0.000000,0,1,9.474832
1700750589,1,120.080383,30.304953,0.000000,14.268089,0.000000,0.000000,0,1,9.671473
1700750599,1,120.080392,30.304972,0.000000,14.542659,0.000000,0.000000,0,1,9.819670
1700750602,1,120.080392,30.304972,0.000000,14.453599,0.000000,0.000000,0,1,9.819670
1700750611,1,120.080397,30.304953,0.000000,14.360642,0.000000,0.000000,0,1,9.914118
1700750620,1,120.080436,30.304937,0.000000,14.335715,0.000000,0.000000,0,1,9.856104
1700750627,1,120.080444,30.304938,0.000000,14.622637,0.000000,0.000000,0,1,9.845937
1700750634,1,120.080444,30.304945,0.000000,14.758574,0.000000,0.000000,0,1,9.824791
1700750648,1,120.080344,30.304987,0.000000,15.277826,0.119230,0.000000,0,1,9.269939
1700750671,1,120.080397,30.304883,0.000000,15.980768,0.000000,0.000000,0,1,9.704403
1700750674,1,120.080397,30.304920,0.000000,15.906731,0.007969,0.000000,0,1,9.958213
1700750683,1,120.080392,30.304937,0.000000,17.305174,0.110881,0.000000,0,1,9.849670
1700750685,1,120.080397,30.304937,0.000000,16.425944,0.000000,0.000000,0,1,9.985874
1700750687,1,120.080397,30.304937,0.000000,15.648670,0.000000,0.000000,0,1,9.985874
1700750701,1,120.080405,30.304967,0.000000,15.123347,0.080220,0.000000,0,1,9.613124
1700750702,1,120.080405,30.304970,0.000000,14.844524,0.051061,0.000000,0,1,9.937429
1700750707,1,120.080475,30.304937,0.000000,14.835356,0.000000,0.000000,0,1,9.940821
1700750708,1,120.080475,30.304937,0.000000,14.885968,0.000000,0.000000,0,1,9.940821
1700750711,1,120.080475,30.304937,0.000000,14.851356,0.000000,0.000000,0,1,9.940821
1700750739,1,120.080606,30.304980,0.000000,14.357891,0.022756,0.000000,0,1,9.419578
1700750774,1,120.080269,30.304987,0.000000,15.555818,0.500729,0.000000,0,1,10.213296
1700788890,1,120.075853,30.305687,0.000000,37.000000,0.000000,0.000000,0,1,7.112905
1700908759,1,120.096345,30.302828,0.000000,35.000000,0.000000,0.000000,0,1,60.202358
1700959905,1,120.075592,30.305163,0.000000,35.000000,0.000000,0.000000,0,1,8.915078
1701091426,1,120.076561,30.310295,0.000000,35.000000,0.000000,0.000000,0,1,20.231943
1701141906,1,120.083794,30.304688,0.000000,35.000000,0.000000,0.000000,0,1,10.222696
1701225104,1,120.086311,30.303605,0.000000,44.000000,0.000000,0.000000,0,1,8.617048
1701227552,1,120.086236,30.303547,0.000000,35.000000,0.000000,0.000000,0,1,8.959808
1701308664,1,120.085122,30.304033,0.000000,35.000000,0.000000,0.000000,0,1,9.529139
1701351035,1,120.080567,30.305050,0.000000,37.014522,0.000000,0.000000,0,1,4.415768
1701351183,1,120.081117,30.304913,0.000000,14.335187,0.000000,0.000000,0,1,8.337803
1701351184,1,120.081117,30.304913,0.000000,14.335187,0.000000,0.000000,0,1,8.337803
1701351200,1,120.080567,30.305047,0.000000,35.826654,0.000000,0.000000,0,1,5.038131
1701351201,1,120.080567,30.305047,0.000000,35.826654,0.000000,0.000000,0,1,5.038131
1701351220,1,120.080567,30.305047,0.000000,35.826654,0.000000,0.000000,0,1,4.813333
1701351239,1,120.080567,30.305047,0.000000,35.826654,0.000000,0.000000,0,1,4.785410
1701351270,1,120.080589,30.304997,0.000000,10.548640,0.000000,0.000000,0,1,7.511993
1701351347,1,120.080575,30.304997,0.000000,14.245030,0.067359,0.000000,0,1,9.741087
1701351572,1,120.080550,30.305022,0.000000,35.000000,0.000000,0.000000,0,1,5.280469
1701351675,1,120.080550,30.305022,0.000000,35.000000,0.000000,0.000000,0,1,5.482574
1701351678,1,120.080550,30.305022,0.000000,35.000000,0.000000,0.000000,0,1,5.482574
1701352656,1,120.080550,30.305022,0.000000,35.000000,0.000000,0.000000,0,1,5.289433
1701352751,1,120.080550,30.305022,0.000000,35.000000,0.000000,0.000000,0,1,5.280354
1701352777,1,120.080550,30.305022,0.000000,35.000000,0.000000,0.000000,0,1,5.280354
1701353092,1,120.080550,30.305022,0.000000,35.000000,0.000000,0.000000,0,1,5.280354
1701353462,1,120.080550,30.305022,0.000000,35.000000,0.000000,0.000000,0,1,5.280354
1701353824,1,120.080550,30.305022,0.000000,35.000000,0.000000,0.000000,0,1,5.280354
1701354579,1,120.080550,30.305022,0.000000,35.000000,0.000000,0.000000,0,1,5.280354
1701354580,1,120.080550,30.305022,0.000000,35.000000,0.000000,0.000000,0,1,5.280354
1701602346,1,120.084664,30.304903,0.000000,35.000000,0.000000,0.000000,0,1,9.773069
1701602905,1,120.084717,30.304867,0.000000,35.000000,0.000000,0.000000,0,1,9.762551
1701604018,1,120.084703,30.304858,0.000000,35.000000,0.000000,0.000000,0,1,9.766137
1701604826,1,120.084717,30.304875,0.000000,35.000000,0.000000,0.000000,0,1,9.765937
1701605532,1,120.084678,30.304900,0.000000,35.000000,0.000000,0.000000,0,1,9.773687
1701605667,1,120.084703,30.304892,0.000000,35.000000,0.000000,0.000000,0,1,9.793405
1701606656,1,120.084708,30.304862,0.000000,35.000000,0.000000,0.000000,0,1,9.753406
1701606658,1,120.084678,30.304872,0.000000,74.333333,0.000000,0.000000,0,1,9.793557
1701913569,1,120.085005,30.304130,0.000000,35.000000,0.000000,0.000000,0,1,9.316502
1702116094,1,120.063217,30.296688,0.000000,38.000000,0.000000,0.000000,0,1,7.452402
1702116697,1,120.063217,30.296670,0.000000,39.000000,0.000000,0.000000,0,1,7.359503
1702116699,1,120.063217,30.296670,0.000000,39.000000,0.000000,0.000000,0,1,7.359503
1702117650,1,120.063233,30.296728,0.000000,35.000002,0.000000,0.000000,0,1,7.245797
1702122040,1,120.063217,30.296667,0.000000,36.000000,0.000000,0.000000,0,1,7.024302
1702122041,1,120.063217,30.296667,0.000000,36.000000,0.000000,0.000000,0,1,7.024302
1702122044,1,120.063217,30.296667,0.000000,36.000000,0.000000,0.000000,0,1,7.024302
1702123092,1,120.063186,30.296572,0.000000,37.000000,0.000000,0.000000,0,1,7.599527
1702123096,1,120.063208,30.296672,0.000000,37.000000,0.000000,0.000000,0,1,7.419605
1702123261,1,120.063208,30.296662,0.000000,35.000000,0.000000,0.000000,0,1,7.392229
1702123262,1,120.063217,30.296692,0.000000,37.000000,0.000000,0.000000,0,1,7.555089
1702123263,1,120.063217,30.296692,0.000000,37.000000,0.000000,0.000000,0,1,7.555089
1702123330,1,120.063194,30.296622,0.000000,40.000000,0.000000,0.000000,0,1,7.058952
1702261916,1,120.084822,30.303267,0.000000,19.693935,0.374403,0.000000,0,1,9.485374
1702261931,1,120.084703,30.303378,0.000000,14.351099,0.004718,0.000000,0,1,9.304257
1702262068,1,120.084764,30.303395,0.000000,35.000000,0.000000,0.000000,0,1,9.862451
1702266482,1,120.084764,30.303387,0.000000,35.000000,0.000000,0.000000,0,1,9.987503
1702267312,1,120.084755,30.303387,0.000000,35.000000,0.000000,0.000000,0,1,10.118707
1702438013,1,120.086206,30.303655,0.000000,35.000000,0.000000,0.000000,0,1,8.675918
1702467656,1,120.076508,30.310312,0.000000,35.000000,0.000000,0.000000,0,1,9.838836
1702518442,1,120.085167,30.304053,0.000000,133.776004,0.000000,0.000000,0,1,9.141714
1702543168,1,120.071892,30.308428,0.000000,4.187754,0.145983,0.000000,0,1,7.386985
1702560616,1,120.080597,30.305170,0.000000,35.000000,0.000000,0.000000,0,1,10.037565
1702560877,1,120.080589,30.305155,0.000000,35.000000,0.000000,0.000000,0,1,10.397919
1702560879,1,120.080589,30.305155,0.000000,35.000000,0.000000,0.000000,0,1,10.416438
1702561017,1,120.080567,30.305142,0.000000,35.000000,0.000000,0.000000,0,1,10.220914
1702561385,1,120.080597,30.305178,0.000000,35.000000,0.000000,0.000000,0,1,10.105497
1702561387,1,120.080597,30.305178,0.000000,35.000000,0.000000,0.000000,0,1,10.156833
1702561453,1,120.080597,30.305178,0.000000,35.000000,0.000000,0.000000,0,1,9.087879
1702561805,1,120.080606,30.305153,0.000000,35.000000,0.000000,0.000000,0,1,10.079799
1702562185,1,120.080619,30.305145,0.000000,35.000000,0.000000,0.000000,0,1,10.623352
1702562504,1,120.080619,30.305145,0.000000,35.000000,0.000000,0.000000,0,1,10.842633
1702563633,1,120.080619,30.305145,0.000000,35.000000,0.000000,0.000000,0,1,10.846542
1702802173,1,120.083831,30.304997,0.000000,14.245291,0.000000,0.000000,0,1,10.719545
1702814554,1,120.084678,30.304870,0.000000,35.000000,0.000000,0.000000,0,1,10.004452
1702817374,1,120.084672,30.304863,0.000000,35.000000,0.000000,0.000000,0,1,10.011538
1702873097,1,120.084725,30.303413,0.000000,35.000000,0.000000,0.000000,0,1,8.806247
1702873162,1,120.084703,30.303355,0.000000,14.239642,0.006822,0.000000,0,1,9.580778
1702894561,1,120.076508,30.310308,0.000000,35.000000,0.000000,0.000000,0,1,9.701180
1702959278,1,120.070861,30.308663,0.000000,40.000000,0.000000,0.000000,0,1,8.304281
1703084688,1,120.076453,30.310512,0.000000,19.771453,0.735617,0.000000,0,1,8.810026
1703121478,1,120.076531,30.310313,0.000000,35.000000,0.000000,0.000000,0,1,9.584102
1703122909,1,120.085122,30.304000,0.000000,35.000000,0.000000,0.000000,0,1,9.647626
1703496122,1,120.086175,30.303658,0.000000,35.000000,0.000000,0.000000,0,1,8.960182
1703496123,1,120.086175,30.303658,0.000000,35.000000,0.000000,0.000000,0,1,8.960182
1703554403,1,120.085128,30.304037,0.000000,35.000000,0.000000,0.000000,0,1,9.838115
1703554518,1,120.085158,30.304100,0.000000,35.000000,0.000000,0.000000,0,1,9.521063
1703554587,1,120.085158,30.304067,0.000000,35.000000,0.000000,0.000000,0,1,9.759468
1703666444,1,120.085153,30.304047,0.000000,36.000000,0.000000,0.000000,0,1,9.637887
1703727762,1,120.085114,30.304033,0.000000,35.000000,0.000000,0.000000,0,1,9.738600
1703737220,1,120.085122,30.304042,0.000000,35.000000,0.000000,0.000000,0,1,9.811245
1703986306,1,120.079575,30.309713,0.000000,7.094910,0.226237,0.000000,0,1,7.828213
1703986319,1,120.079575,30.309713,0.000000,14.196092,0.013269,0.000000,0,1,6.995950
1703986324,1,120.079567,30.309713,0.000000,14.206570,0.052503,0.000000,0,1,7.499609
1703987233,1,120.079475,30.309655,0.000000,8.778155,0.020011,0.000000,0,1,8.651618
1703987472,1,120.079483,30.309612,0.000000,31.597219,0.000000,0.000000,0,1,8.619995
1703988225,1,120.079353,30.309630,0.000000,6.177282,0.086418,0.000000,0,1,8.096864
1703988227,1,120.079345,30.309633,0.000000,4.076558,0.086418,0.000000,0,1,7.560979
1703988529,1,120.079514,30.309587,0.000000,6.341638,0.244770,0.000000,0,1,7.715750
1703988586,1,120.079522,30.309588,0.000000,299.804442,0.000000,0.000000,0,1,4.922238
1703988589,1,120.079467,30.309555,0.000000,13.785085,0.000000,0.000000,0,1,8.177907
1703988590,1,120.079505,30.309572,0.000000,13.325211,0.000000,0.000000,0,1,7.394358
1703988591,1,120.079528,30.309570,0.000000,13.256311,0.000000,0.000000,0,1,8.607743
1704001216,1,120.108939,30.249395,0.000000,4.741137,0.442806,0.000000,0,1,34.207502
1704002750,1,120.110078,30.254137,0.000000,9.460110,0.000000,0.000000,0,1,34.663903
1704002770,1,120.110175,30.254337,0.000000,14.304699,0.000000,0.000000,0,1,34.823629
1704003097,1,120.110114,30.255530,0.000000,3.250406,0.005361,0.000000,0,1,40.836803
1704003236,1,120.109947,30.255453,0.000000,7.527251,0.099460,0.000000,0,1,41.132751
1704003362,1,120.109633,30.255970,0.000000,15.168599,0.000000,0.000000,0,1,27.902289
1704003378,1,120.109628,30.256003,0.000000,14.309236,0.000000,0.000000,0,1,46.964025
1704003740,1,120.110847,30.257928,0.000000,7.262274,0.046172,0.000000,0,1,46.896075
1704004035,1,120.112389,30.257917,0.000000,44.019604,0.000000,0.000000,0,1,51.066197
1704004647,1,120.113153,30.256983,0.000000,27.846582,0.000000,0.000000,0,1,65.700347
1704005126,1,120.112939,30.255362,0.000000,14.523188,0.013705,0.000000,0,1,57.194348
1704005655,1,120.113420,30.253145,0.000000,15.155490,0.028259,0.000000,0,1,36.090658
1704005661,1,120.113480,30.253078,0.000000,6.220592,0.039027,0.000000,0,1,34.334294
1704005690,1,120.113511,30.253005,0.000000,14.241936,0.008284,0.000000,0,1,28.549814
1704005692,1,120.113511,30.253003,0.000000,14.242126,0.051049,0.000000,0,1,29.631781
1704006077,1,120.112725,30.252438,0.000000,43.343866,0.299998,0.000000,0,1,27.748013
1704006088,1,120.112633,30.252353,0.000000,3.060831,0.418718,0.000000,0,1,27.067452
1704006089,1,120.112625,30.252338,0.000000,14.223718,0.418718,0.000000,0,1,27.067452
1704006236,1,120.111472,30.251433,0.000000,5.628114,0.022961,0.000000,0,1,30.693561
1704006237,1,120.111472,30.251433,0.000000,5.628114,0.022961,0.000000,0,1,30.693561
1704006241,1,120.111467,30.251422,0.000000,5.139586,0.074521,0.000000,0,1,29.791702
1704333811,1,120.085144,30.303995,0.000000,35.000000,0.000000,0.000000,0,1,9.707878
1704334373,1,120.085114,30.304047,0.000000,35.000000,0.000000,0.000000,0,1,9.777356
1704334823,1,120.085114,30.304030,0.000000,35.000000,0.000000,0.000000,0,1,9.769388
1704335427,1,120.085044,30.304100,0.000000,35.000000,0.000000,0.000000,0,1,9.725178
1704340192,1,120.085128,30.304047,0.000000,35.000000,0.000000,0.000000,0,1,9.761398
1704683750,1,120.084817,30.303420,0.000000,35.000000,0.000000,0.000000,0,1,9.636320
1704685159,1,120.084795,30.303420,0.000000,35.000000,0.000000,0.000000,0,1,9.636373
1704685560,1,120.084795,30.303422,0.000000,35.000000,0.000000,0.000000,0,1,9.978001
1704686073,1,120.084795,30.303420,0.000000,35.000000,0.000000,0.000000,0,1,9.976584
1704686774,1,120.084795,30.303400,0.000000,35.000000,0.000000,0.000000,0,1,10.076102
1704702215,1,120.086242,30.303658,0.000000,35.000000,0.000000,0.000000,0,1,8.872124
1704702270,1,120.086206,30.303612,0.000000,35.000000,0.000000,0.000000,0,1,8.867723
1704794172,1,120.076514,30.310330,0.000000,35.000000,0.000000,0.000000,0,1,9.739688
1705061885,1,120.076514,30.310330,0.000000,35.000000,0.000000,0.000000,0,1,9.436620
1705061891,1,120.076514,30.310342,0.000000,35.000000,0.000000,0.000000,0,1,9.453721
1705061896,1,120.076522,30.310322,0.000000,35.000000,0.000000,0.000000,0,1,9.386740
1705158732,1,120.076508,30.310325,0.000000,35.000000,0.000000,0.000000,0,1,9.774001
1705399728,1,120.089250,30.307895,0.000000,35.000000,0.000000,0.000000,0,1,7.620000
1705399733,1,120.089250,30.307945,0.000000,35.000000,0.000000,0.000000,0,1,7.620000
1705399763,1,120.089225,30.307942,0.000000,35.000000,0.000000,0.000000,0,1,7.620000
1705400728,1,120.089172,30.307900,0.000000,35.000000,0.000000,0.000000,0,1,7.620000
1705400738,1,120.089172,30.307908,0.000000,35.000000,0.000000,0.000000,0,1,7.620000
1705400740,1,120.089172,30.307908,0.000000,35.000000,0.000000,0.000000,0,1,7.620000
1706249246,1,118.752525,32.079353,0.000000,39.000000,0.000000,0.000000,0,1,17.947769
1706249263,1,118.752495,32.079394,0.000000,39.000000,0.000000,0.000000,0,1,18.141302
1706249266,1,118.752608,32.079186,0.000000,39.000000,0.000000,0.000000,0,1,18.325682
1706250032,1,118.752900,32.079175,0.000000,40.000000,0.000000,0.000000,0,1,18.809336
1706250033,1,118.752900,32.079175,0.000000,40.000000,0.000000,0.000000,0,1,18.809336
1706250035,1,118.752875,32.079267,0.000000,39.000000,0.000000,0.000000,0,1,18.760633
1706252106,1,118.752297,32.079075,0.000000,37.388154,0.000000,0.000000,0,1,46.770431
1706252111,1,118.752213,32.078964,0.000000,14.708738,0.000000,0.000000,0,1,44.426395
1706252662,1,118.751100,32.079892,0.000000,14.238331,0.014795,0.000000,0,1,11.391661
1706791693,1,117.496788,30.658055,0.000000,35.000000,0.000000,0.000000,0,1,14.318794
1707464966,1,118.897780,31.911503,0.000000,19.513443,0.000000,0.000000,0,1,27.801102
1707618935,1,118.160269,30.143020,0.000000,2.148888,0.014501,0.000000,0,1,1566.541367
1707618936,1,118.160269,30.143020,0.000000,4.327868,0.014501,0.000000,0,1,1566.541367
1707818519,1,118.297250,29.710900,0.000000,7.172611,0.026155,0.000000,0,1,126.769323
1707818524,1,118.297263,29.710930,0.000000,4.664702,0.015628,0.000000,0,1,127.129819
1707818525,1,118.297263,29.710930,0.000000,5.046012,0.015628,0.000000,0,1,127.129819
1707818527,1,118.297263,29.710930,0.000000,4.884072,0.000000,0.000000,0,1,127.129819
1708228557,1,118.791122,32.041286,0.000000,40.000000,0.000000,0.000000,0,1,8.009358
1708498377,1,120.076478,30.310255,0.000000,13.285514,0.000000,0.000000,0,1,9.049843
1708521489,1,120.076478,30.310255,0.000000,13.285514,0.000000,0.000000,0,1,9.049843
1708855522,1,120.063347,30.296567,0.000000,35.000000,0.000000,0.000000,0,1,35.004650
1708855525,1,120.063347,30.296567,0.000000,35.000000,0.000000,0.000000,0,1,35.004650
1708855527,1,120.063308,30.296613,0.000000,35.000000,0.000000,0.000000,0,1,35.004650
1708905704,1,120.084892,30.304762,0.000000,35.000000,0.000000,0.000000,0,1,12.088028
1708906103,1,120.084795,30.304763,0.000000,35.000000,0.000000,0.000000,0,1,11.900516
1708906703,1,120.084786,30.304770,0.000000,72.809939,0.000000,0.000000,0,1,12.058621
1708912789,1,120.084830,30.304047,0.000000,35.000000,0.000000,0.000000,0,1,10.766790
1708941060,1,120.083708,30.304537,0.000000,35.000000,0.000000,0.000000,0,1,10.938549
1709003198,1,120.084878,30.304863,0.000000,35.000000,0.000000,0.000000,0,1,10.009457
1709019245,1,120.076478,30.310255,0.000000,10.688306,0.000000,0.000000,0,1,9.248827
1709028374,1,120.076478,30.310255,0.000000,10.688306,0.000000,0.000000,0,1,9.720986
1709031116,1,120.076478,30.310255,0.000000,10.688306,0.000000,0.000000,0,1,9.225360
1709035866,1,120.076478,30.310255,0.000000,10.688306,0.000000,0.000000,0,1,9.216534
1709035876,1,120.076478,30.310255,0.000000,10.688306,0.000000,0.000000,0,1,9.215690
1709035899,1,120.076478,30.310255,0.000000,10.688306,0.000000,0.000000,0,1,9.215414
1709036021,1,120.076478,30.310255,0.000000,10.688306,0.000000,0.000000,0,1,9.215407
1709036027,1,120.076478,30.310255,0.000000,10.688306,0.000000,0.000000,0,1,9.215407
1709036029,1,120.076478,30.310255,0.000000,10.688306,0.000000,0.000000,0,1,9.215407
1709044494,1,120.076478,30.310255,0.000000,10.688306,0.000000,0.000000,0,1,9.216375
1709046536,1,120.076478,30.310255,0.000000,10.688306,0.000000,0.000000,0,1,9.223285
1709046543,1,120.076478,30.310255,0.000000,10.688306,0.000000,0.000000,0,1,9.218567
1709046557,1,120.076478,30.310255,0.000000,10.688306,0.000000,0.000000,0,1,9.215749
1709046565,1,120.076478,30.310255,0.000000,10.688306,0.000000,0.000000,0,1,9.215529
1709102999,1,120.076478,30.310255,0.000000,30.843433,0.000000,0.000000,0,1,9.218170
1709103101,1,120.076478,30.310255,0.000000,30.843433,0.000000,0.000000,0,1,9.218164
1709103105,1,120.076478,30.310255,0.000000,30.843433,0.000000,0.000000,0,1,9.218164
1709109345,1,120.083725,30.304517,0.000000,35.000000,0.000000,0.000000,0,1,10.852016
1709113430,1,120.083708,30.304580,0.000000,35.000000,0.000000,0.000000,0,1,10.937711
1709163331,1,120.077720,30.307220,0.000000,35.000000,0.000000,0.000000,0,1,7.136911
1709185370,1,120.084161,30.304937,0.000000,35.000000,0.000000,0.000000,0,1,11.127652
1709185534,1,120.084205,30.304962,0.000000,35.000000,0.000000,0.000000,0,1,11.155113
1709186650,1,120.084197,30.305012,0.000000,35.000000,0.000000,0.000000,0,1,10.723487
1709187358,1,120.084183,30.305020,0.000000,35.000000,0.000000,0.000000,0,1,10.676498
1709187516,1,120.084205,30.304962,0.000000,35.000000,0.000000,0.000000,0,1,10.698066
1709187596,1,120.084183,30.305005,0.000000,35.000000,0.000000,0.000000,0,1,10.884421
1709187808,1,120.084175,30.304988,0.000000,35.000000,0.000000,0.000000,0,1,10.550712
1709192494,1,120.084214,30.305005,0.000000,35.000000,0.000000,0.000000,0,1,11.110585
1709197615,1,120.085031,30.301863,0.000000,57.000000,0.000000,0.000000,0,1,8.682790
1709198069,1,120.085005,30.301900,0.000000,57.000000,0.000000,0.000000,0,1,8.657556
1709198253,1,120.085411,30.301503,0.000000,62.000000,0.000000,0.000000,0,1,8.777269
1709198605,1,120.085022,30.301808,0.000000,57.000000,0.000000,0.000000,0,1,8.461713
1709198667,1,120.085092,30.301847,0.000000,57.000000,0.000000,0.000000,0,1,8.549236
1709198741,1,120.084975,30.301797,0.000000,57.000000,0.000000,0.000000,0,1,8.454688
1709198845,1,120.085022,30.301842,0.000000,57.000000,0.000000,0.000000,0,1,8.465084
1709199082,1,120.085036,30.301858,0.000000,59.856355,0.000000,0.000000,0,1,8.417676
1709199138,1,120.085114,30.301767,0.000000,57.000000,0.000000,0.000000,0,1,8.441299
1709199161,1,120.085105,30.301870,0.000000,52.331138,0.000000,0.000000,0,1,8.448415
1709199194,1,120.085022,30.301842,0.000000,57.000000,0.000000,0.000000,0,1,8.492154
1709199211,1,120.085061,30.301787,0.000000,57.000000,0.000000,0.000000,0,1,8.457170
1709252065,1,120.084992,30.304778,0.000000,35.000000,0.000000,0.000000,0,1,10.084444
1709252140,1,120.084861,30.304838,0.000000,35.000000,0.000000,0.000000,0,1,10.372483
1709255838,1,120.084961,30.304772,0.000000,35.000000,0.000000,0.000000,0,1,9.836136
1709256953,1,120.084892,30.304850,0.000000,35.000000,0.000000,0.000000,0,1,10.653592
1709256982,1,120.084922,30.304803,0.000000,35.000000,0.000000,0.000000,0,1,9.986293
1709264596,1,120.083947,30.306195,0.000000,35.000000,0.000000,0.000000,0,1,9.002472
1709264601,1,120.083947,30.306195,0.000000,35.000000,0.000000,0.000000,0,1,9.074903
1709264603,1,120.083947,30.306195,0.000000,35.000000,0.000000,0.000000,0,1,9.074903
1709264611,1,120.083953,30.306192,0.000000,35.000000,0.000000,0.000000,0,1,9.083934
1709264613,1,120.083953,30.306192,0.000000,35.000000,0.000000,0.000000,0,1,9.083934
1709453147,1,120.076500,30.310380,0.000000,33.270822,0.000000,0.000000,0,1,10.636903
1709453171,1,120.076500,30.310380,0.000000,33.270822,0.000000,0.000000,0,1,10.637025
1709453174,1,120.076500,30.310380,0.000000,33.270822,0.000000,0.000000,0,1,10.637027
1709535550,1,120.084328,30.304703,0.000000,40.323865,0.000000,0.000000,0,1,11.522581
1709607614,1,120.084953,30.304817,0.000000,35.000000,0.000000,0.000000,0,1,9.817029
1709609638,1,120.085000,30.304833,0.000000,35.000000,0.000000,0.000000,0,1,9.728090
1709632897,1,120.080339,30.306447,0.000000,35.000000,0.000000,0.000000,0,1,7.065240
1709715430,1,120.083708,30.304542,0.000000,35.000000,0.000000,0.000000,0,1,11.226381
1709728126,1,120.076500,30.310380,0.000000,33.199360,0.000000,0.000000,0,1,10.189399
1709728131,1,120.076500,30.310380,0.000000,33.199360,0.000000,0.000000,0,1,10.205676
1709728133,1,120.076500,30.310380,0.000000,33.199360,0.000000,0.000000,0,1,10.205676
1709728147,1,120.076500,30.310380,0.000000,33.199360,0.000000,0.000000,0,1,10.219254
1709776862,1,120.083650,30.304888,0.000000,35.000000,0.000000,0.000000,0,1,10.997551
1709790593,1,120.084197,30.305020,0.000000,35.000000,0.000000,0.000000,0,1,10.279597
1709803173,1,120.085044,30.301813,0.000000,35.000000,0.000000,0.000000,0,1,9.313213
1709803181,1,120.084930,30.301822,0.000000,122.046296,0.000000,0.000000,0,1,9.406166
1709803190,1,120.085036,30.301828,0.000000,35.000000,0.000000,0.000000,0,1,9.187907
1709803205,1,120.085000,30.301800,0.000000,124.447941,0.000000,0.000000,0,1,9.345396
1709803226,1,120.085044,30.301925,0.000000,35.000000,0.000000,0.000000,0,1,9.270257
1709803235,1,120.085005,30.301862,0.000000,35.000000,0.000000,0.000000,0,1,9.298515
1709803242,1,120.085036,30.301787,0.000000,35.000000,0.000000,0.000000,0,1,9.280632
1709803250,1,120.084975,30.301842,0.000000,35.000000,0.000000,0.000000,0,1,9.294666
1709803274,1,120.085036,30.301858,0.000000,35.000000,0.000000,0.000000,0,1,9.272276
1709803278,1,120.085083,30.301817,0.000000,35.000000,0.000000,0.000000,0,1,9.268376
1709803282,1,120.085083,30.301817,0.000000,35.000000,0.000000,0.000000,0,1,9.268376
1709803286,1,120.084945,30.301787,0.000000,35.000000,0.000000,0.000000,0,1,9.319165
1709803314,1,120.085000,30.301770,0.000000,35.000000,0.000000,0.000000,0,1,9.296761
1709803317,1,120.085000,30.301770,0.000000,35.000000,0.000000,0.000000,0,1,9.296761
1709803321,1,120.085014,30.301845,0.000000,35.000000,0.000000,0.000000,0,1,9.243828
1709803324,1,120.085014,30.301845,0.000000,35.000000,0.000000,0.000000,0,1,9.243828
1709803453,1,120.085022,30.301888,0.000000,35.000000,0.000000,0.000000,0,1,9.204579
1709803458,1,120.085000,30.301987,0.000000,37.000000,0.000000,0.000000,0,1,9.110635
1709803462,1,120.085000,30.301987,0.000000,37.000000,0.000000,0.000000,0,1,9.110635
1709803466,1,120.085014,30.301755,0.000000,35.000000,0.000000,0.000000,0,1,9.226878
1709803476,1,120.085031,30.301870,0.000000,35.000000,0.000000,0.000000,0,1,9.232800
1709803479,1,120.085031,30.301870,0.000000,35.000000,0.000000,0.000000,0,1,9.232800
1709803481,1,120.084953,30.301845,0.000000,124.143328,0.000000,0.000000,0,1,9.332405
1709803483,1,120.085044,30.301950,0.000000,35.000000,0.000000,0.000000,0,1,9.253272
1709803674,1,120.085014,30.301830,0.000000,37.000000,0.000000,0.000000,0,1,9.332885
1709803680,1,120.084992,30.301863,0.000000,35.000000,0.000000,0.000000,0,1,9.346398
1709803806,1,120.084992,30.301845,0.000000,35.000000,0.000000,0.000000,0,1,9.326160
1709803812,1,120.084975,30.301858,0.000000,93.695782,0.000000,0.000000,0,1,9.382792
1709803837,1,120.085022,30.301772,0.000000,35.000000,0.000000,0.000000,0,1,9.334167
1709803841,1,120.085022,30.301772,0.000000,35.000000,0.000000,0.000000,0,1,9.334167
1709803909,1,120.085097,30.301887,0.000000,35.000000,0.000000,0.000000,0,1,9.273960
1709803913,1,120.085097,30.301887,0.000000,35.000000,0.000000,0.000000,0,1,9.273960
1709804056,1,120.085000,30.301842,0.000000,35.000000,0.000000,0.000000,0,1,9.264815
1709804079,1,120.085061,30.301780,0.000000,35.000000,0.000000,0.000000,0,1,9.276420
1709804946,1,120.085083,30.301937,0.000000,35.000000,0.000000,0.000000,0,1,9.265285
1709804951,1,120.085083,30.301937,0.000000,35.000000,0.000000,0.000000,0,1,9.265285
1709804954,1,120.084975,30.301792,0.000000,35.000000,0.000000,0.000000,0,1,9.309937
1709804957,1,120.084975,30.301792,0.000000,35.000000,0.000000,0.000000,0,1,9.309937
1709804993,1,120.085036,30.301880,0.000000,35.000000,0.000000,0.000000,0,1,9.266035
1709804999,1,120.085031,30.301850,0.000000,35.000000,0.000000,0.000000,0,1,9.286570
1709805004,1,120.084747,30.302000,0.000000,91.806928,0.000000,0.000000,0,1,21.327616
1709805008,1,120.084747,30.302000,0.000000,91.806928,0.000000,0.000000,0,1,21.327616
1709805037,1,120.084975,30.301792,0.000000,35.000000,0.000000,0.000000,0,1,9.737631
1709805042,1,120.084983,30.301828,0.000000,35.000000,0.000000,0.000000,0,1,9.508801
1709805047,1,120.084922,30.301712,0.000000,35.000000,0.000000,0.000000,0,1,9.432768
1709805052,1,120.084914,30.301762,0.000000,122.394097,0.000000,0.000000,0,1,9.450325
1709818543,1,120.072700,30.307647,0.000000,35.000000,0.000000,0.000000,0,1,7.335709
1709818642,1,120.072486,30.307530,0.000000,35.000000,0.000000,0.000000,0,1,7.394681
1709818643,1,120.072486,30.307530,0.000000,35.000000,0.000000,0.000000,0,1,7.394681
1709818729,1,120.072670,30.307622,0.000000,35.000000,0.000000,0.000000,0,1,7.423044
1709818906,1,120.072678,30.307617,0.000000,35.000000,0.000000,0.000000,0,1,7.406413
1709819101,1,120.072639,30.307612,0.000000,35.000000,0.000000,0.000000,0,1,7.417947
1709819886,1,120.072708,30.307653,0.000000,35.000000,0.000000,0.000000,0,1,7.440099
1709819943,1,120.072678,30.307608,0.000000,35.000000,0.000000,0.000000,0,1,7.445624
1709819945,1,120.072678,30.307608,0.000000,35.000000,0.000000,0.000000,0,1,7.445624
1709820378,1,120.072686,30.307622,0.000000,35.000000,0.000000,0.000000,0,1,7.445062
1709820387,1,120.072661,30.307622,0.000000,35.000000,0.000000,0.000000,0,1,7.456720
1709820764,1,120.072625,30.307650,0.000000,35.000000,0.000000,0.000000,0,1,7.448820
1709821034,1,120.072700,30.307747,0.000000,19.616366,0.096203,0.000000,0,1,5.698596
1709821304,1,120.072717,30.307645,0.000000,15.197660,0.052540,0.000000,0,1,5.640102
1709858822,1,120.084830,30.304817,0.000000,35.000000,0.000000,0.000000,0,1,9.992935
1709861816,1,120.084817,30.304787,0.000000,35.000000,0.000000,0.000000,0,1,9.959457
1709861842,1,120.084817,30.304788,0.000000,35.000000,0.000000,0.000000,0,1,9.991662
1710149382,1,120.083717,30.304553,0.000000,35.000000,0.000000,0.000000,0,1,12.327108
1710150192,1,120.083708,30.304563,0.000000,37.000000,0.000000,0.000000,0,1,11.873948
1710150290,1,120.083703,30.304583,0.000000,36.000000,0.000000,0.000000,0,1,11.948615
1710150404,1,120.083686,30.304562,0.000000,36.000000,0.000000,0.000000,0,1,11.861762
1710152854,1,120.076667,30.310400,0.000000,22.928454,0.000000,0.000000,0,1,9.688177
1710164037,1,120.072075,30.306675,0.000000,35.000000,0.000000,0.000000,0,1,7.749181
1710164098,1,120.072083,30.306708,0.000000,35.000000,0.000000,0.000000,0,1,6.711503
1710164200,1,120.072067,30.306653,0.000000,35.000000,0.000000,0.000000,0,1,7.117362
1710164254,1,120.072097,30.306705,0.000000,35.000000,0.000000,0.000000,0,1,7.171520
1710164398,1,120.072075,30.306658,0.000000,35.000000,0.000000,0.000000,0,1,6.778658
1710211358,1,120.076667,30.310400,0.000000,22.928454,0.000000,0.000000,0,1,8.809675
1710214542,1,120.076667,30.310400,0.000000,22.928454,0.000000,0.000000,0,1,8.809739
1710228811,1,120.076667,30.310400,0.000000,22.928454,0.000000,0.000000,0,1,9.032245
1710228825,1,120.076667,30.310400,0.000000,22.928454,0.000000,0.000000,0,1,8.874131
1710228862,1,120.076667,30.310400,0.000000,22.928454,0.000000,0.000000,0,1,8.816201
1710251782,1,120.076667,30.310400,0.000000,22.288011,0.000000,0.000000,0,1,8.926112
1710319248,1,120.083733,30.304563,0.000000,35.000000,0.000000,0.000000,0,1,11.816836
1710381976,1,120.083619,30.304913,0.000000,35.000000,0.000000,0.000000,0,1,11.484643
1710400687,1,120.084236,30.305008,0.000000,35.000000,0.000000,0.000000,0,1,10.429494
1710402568,1,120.084192,30.304937,0.000000,35.000000,0.000000,0.000000,0,1,10.484903
1710403382,1,120.085097,30.302053,0.000000,60.000000,0.000000,0.000000,0,1,9.353154
1710403386,1,120.085136,30.301937,0.000000,58.000000,0.000000,0.000000,0,1,9.356016
1710403408,1,120.085083,30.302038,0.000000,59.856355,0.000000,0.000000,0,1,9.370942
1710403412,1,120.085036,30.301930,0.000000,58.000000,0.000000,0.000000,0,1,9.350292
1710403427,1,120.085067,30.301962,0.000000,58.000000,0.000000,0.000000,0,1,9.357373
1710403432,1,120.085067,30.302028,0.000000,58.000000,0.000000,0.000000,0,1,9.378481
1710403628,1,120.085053,30.301913,0.000000,47.000000,0.000000,0.000000,0,1,9.653332
1710403631,1,120.085053,30.301913,0.000000,47.000000,0.000000,0.000000,0,1,9.653332
1710403636,1,120.085061,30.301745,0.000000,47.000000,0.000000,0.000000,0,1,9.571267
1710403640,1,120.085061,30.301745,0.000000,47.000000,0.000000,0.000000,0,1,9.571267
1710403679,1,120.085061,30.301947,0.000000,51.000000,0.000000,0.000000,0,1,9.439181
1710403683,1,120.085036,30.301930,0.000000,83.977338,0.000000,0.000000,0,1,9.529372
1710403686,1,120.085105,30.301947,0.000000,51.000000,0.000000,0.000000,0,1,9.509146
1710403690,1,120.085053,30.301828,0.000000,51.000000,0.000000,0.000000,0,1,9.510496
1710403746,1,120.085367,30.301945,0.000000,51.000000,0.000000,0.000000,0,1,9.534488
1710403750,1,120.085183,30.301905,0.000000,138.517616,0.000000,0.000000,0,1,9.587910
1710403753,1,120.085005,30.301803,0.000000,51.000000,0.000000,0.000000,0,1,9.486232
1710403757,1,120.085092,30.301892,0.000000,51.000000,0.000000,0.000000,0,1,9.521586
1710404101,1,120.085022,30.301988,0.000000,51.000000,0.000000,0.000000,0,1,9.324308
1710404105,1,120.085105,30.301880,0.000000,51.000000,0.000000,0.000000,0,1,9.374167
1710404109,1,120.085105,30.301880,0.000000,51.000000,0.000000,0.000000,0,1,9.374167
1710404112,1,120.084953,30.301883,0.000000,51.000000,0.000000,0.000000,0,1,9.474164
1710404156,1,120.085053,30.301953,0.000000,51.000000,0.000000,0.000000,0,1,9.377914
1710404162,1,120.085036,30.302003,0.000000,51.000000,0.000000,0.000000,0,1,9.470572
1710404167,1,120.085014,30.301892,0.000000,51.000000,0.000000,0.000000,0,1,9.499553
1710404172,1,120.085411,30.301758,0.000000,52.477916,0.000000,0.000000,0,1,9.530699
1710404494,1,120.085036,30.301930,0.000000,51.000000,0.000000,0.000000,0,1,9.445950
1710404499,1,120.085053,30.301955,0.000000,51.000000,0.000000,0.000000,0,1,9.497335
1710404504,1,120.085036,30.301978,0.000000,51.000000,0.000000,0.000000,0,1,9.540459
1710404508,1,120.085036,30.301978,0.000000,51.000000,0.000000,0.000000,0,1,9.540459
1710406565,1,120.085031,30.301892,0.000000,35.000000,0.000000,0.000000,0,1,-31.969002
1710406568,1,120.085031,30.301892,0.000000,35.000000,0.000000,0.000000,0,1,-31.969002
1710406915,1,120.085097,30.301850,0.000000,35.000000,0.000000,0.000000,0,1,-25.395115
1710406923,1,120.085097,30.301850,0.000000,35.000000,0.000000,0.000000,0,1,-30.041058
1710407042,1,120.085044,30.301917,0.000000,47.000000,0.000000,0.000000,0,1,7.491553
1710408243,1,120.085097,30.301850,0.000000,35.000000,0.000000,0.000000,0,1,-31.968821
1710408249,1,120.085097,30.301850,0.000000,35.000000,0.000000,0.000000,0,1,-31.968821
1710408254,1,120.085097,30.301850,0.000000,35.000000,0.000000,0.000000,0,1,-31.968821
1710408260,1,120.085097,30.301850,0.000000,35.000000,0.000000,0.000000,0,1,-31.968821
1710408267,1,120.085097,30.301850,0.000000,35.000000,0.000000,0.000000,0,1,-31.968821
1710408283,1,120.085097,30.301850,0.000000,35.000000,0.000000,0.000000,0,1,-31.968821
1710408291,1,120.085097,30.301850,0.000000,35.000000,0.000000,0.000000,0,1,-31.968821
1710408297,1,120.085097,30.301850,0.000000,35.000000,0.000000,0.000000,0,1,-31.968821
1710408308,1,120.085097,30.301850,0.000000,35.000000,0.000000,0.000000,0,1,-31.968821
1710408318,1,120.085097,30.301850,0.000000,35.000000,0.000000,0.000000,0,1,-31.968821
1710408323,1,120.085097,30.301850,0.000000,35.000000,0.000000,0.000000,0,1,-31.968821
1710408329,1,120.085097,30.301850,0.000000,35.000000,0.000000,0.000000,0,1,-31.968821
1710408335,1,120.085022,30.301787,0.000000,94.626749,0.000000,0.000000,0,1,-31.969254
1710408342,1,120.085031,30.301972,0.000000,47.000000,0.000000,0.000000,0,1,-21.249707
1710408348,1,120.085061,30.301988,0.000000,47.000000,0.000000,0.000000,0,1,-3.511922
1710408356,1,120.085031,30.301917,0.000000,47.000000,0.000000,0.000000,0,1,4.218871
1710408364,1,120.085092,30.302020,0.000000,47.601185,0.000000,0.000000,0,1,7.398237
1710408370,1,120.085075,30.301813,0.000000,47.000000,0.000000,0.000000,0,1,8.733751
1710408378,1,120.085183,30.301930,0.000000,47.000000,0.000000,0.000000,0,1,9.448060
1710408386,1,120.085036,30.301908,0.000000,47.000000,0.000000,0.000000,0,1,9.547826
1710408393,1,120.085097,30.301847,0.000000,35.000000,0.000000,0.000000,0,1,-1.825033
1710408447,1,120.085097,30.301850,0.000000,35.000000,0.000000,0.000000,0,1,-28.962992
1710408455,1,120.085097,30.301850,0.000000,35.000000,0.000000,0.000000,0,1,-30.448218
1710408469,1,120.085097,30.301850,0.000000,35.000000,0.000000,0.000000,0,1,-31.796626
1710408500,1,120.085097,30.301850,0.000000,35.000000,0.000000,0.000000,0,1,-31.967841
1710408505,1,120.085097,30.301850,0.000000,35.000000,0.000000,0.000000,0,1,-31.968150
1710408509,1,120.085097,30.301850,0.000000,35.000000,0.000000,0.000000,0,1,-31.968150
1710409638,1,120.085097,30.301850,0.000000,35.000000,0.000000,0.000000,0,1,-31.967932
1710409640,1,120.085097,30.301850,0.000000,35.000000,0.000000,0.000000,0,1,-31.967932
1710658956,1,120.076667,30.310400,0.000000,20.407386,0.000000,0.000000,0,1,9.875415
1710658988,1,120.076667,30.310400,0.000000,20.407386,0.000000,0.000000,0,1,9.717058
1710660223,1,120.076667,30.310400,0.000000,20.407386,0.000000,0.000000,0,1,9.958408
1710673902,1,120.084686,30.304897,0.000000,35.000000,0.000000,0.000000,0,1,10.532565
1710675330,1,120.084703,30.304895,0.000000,35.000000,0.000000,0.000000,0,1,10.601789
1710685272,1,120.076667,30.310400,0.000000,20.407386,0.000000,0.000000,0,1,9.790388
1710685273,1,120.076667,30.310400,0.000000,20.407386,0.000000,0.000000,0,1,9.790388
1710747443,1,120.084328,30.304663,0.000000,35.000000,0.000000,0.000000,0,1,11.914774
1710753172,1,120.083733,30.304542,0.000000,35.000000,0.000000,0.000000,0,1,11.975076
1710753572,1,120.083725,30.304562,0.000000,35.000000,0.000000,0.000000,0,1,11.978500
1710754435,1,120.083717,30.304570,0.000000,35.000000,0.000000,0.000000,0,1,11.976362
1710754569,1,120.083725,30.304642,0.000000,35.000000,0.000000,0.000000,0,1,11.744464
1710754777,1,120.083733,30.304592,0.000000,35.000000,0.000000,0.000000,0,1,11.958271
1710774644,1,120.076667,30.310400,0.000000,33.450270,0.000000,0.000000,0,1,6.214135
1710817442,1,120.084869,30.304847,0.000000,35.000000,0.000000,0.000000,0,1,10.196384
1710819336,1,120.084861,30.304842,0.000000,35.000000,0.000000,0.000000,0,1,10.160626
1710852860,1,120.080130,30.305180,0.000000,35.000000,0.000000,0.000000,0,1,8.750607
1710858699,1,120.076461,30.310213,0.000000,35.000000,0.000000,0.000000,0,1,6.968771
1710915150,1,120.076667,30.310400,0.000000,20.407386,0.000000,0.000000,0,1,8.700092
1710924005,1,120.083725,30.304558,0.000000,35.000000,0.000000,0.000000,0,1,11.828561
1710927107,1,120.083733,30.304572,0.000000,35.000000,0.000000,0.000000,0,1,11.853155
1711006508,1,120.084222,30.305087,0.000000,35.000000,0.000000,0.000000,0,1,10.873508
1711013837,1,120.085014,30.301908,0.000000,48.000000,0.000000,0.000000,0,1,9.522824
1711013842,1,120.085083,30.301900,0.000000,48.000000,0.000000,0.000000,0,1,9.510432
1711013848,1,120.085031,30.301880,0.000000,48.000000,0.000000,0.000000,0,1,9.544876
1711013853,1,120.085031,30.301880,0.000000,48.000000,0.000000,0.000000,0,1,9.544876
1711013858,1,120.085075,30.301888,0.000000,48.000000,0.000000,0.000000,0,1,9.546067
1711013863,1,120.085061,30.301888,0.000000,48.000000,0.000000,0.000000,0,1,9.557839
1711013867,1,120.085036,30.301842,0.000000,48.000000,0.000000,0.000000,0,1,9.557663
1711013874,1,120.084945,30.301655,0.000000,48.000000,0.000000,0.000000,0,1,9.578183
1711027657,1,120.072686,30.307663,0.000000,35.000000,0.000000,0.000000,0,1,7.914384
1711028019,1,120.072708,30.307667,0.000000,35.000000,0.000000,0.000000,0,1,7.751155
1711028051,1,120.072692,30.307667,0.000000,35.000000,0.000000,0.000000,0,1,7.728987
1711028156,1,120.072708,30.307655,0.000000,35.000000,0.000000,0.000000,0,1,7.759982
1711028173,1,120.072686,30.307670,0.000000,35.000000,0.000000,0.000000,0,1,7.737935
1711028354,1,120.072692,30.307680,0.000000,35.000000,0.000000,0.000000,0,1,7.677934
1711028542,1,120.072686,30.307663,0.000000,35.000000,0.000000,0.000000,0,1,7.743595
1711028544,1,120.072686,30.307663,0.000000,35.000000,0.000000,0.000000,0,1,7.743595
1711028883,1,120.072678,30.307638,0.000000,35.000000,0.000000,0.000000,0,1,7.748945
1711029103,1,120.072678,30.307675,0.000000,43.400715,0.000000,0.000000,0,1,7.689687
1711029918,1,120.072686,30.307672,0.000000,35.000000,0.000000,0.000000,0,1,7.779788
1711030020,1,120.072678,30.307675,0.000000,35.000000,0.000000,0.000000,0,1,7.984326
1711030519,1,120.072700,30.307655,0.000000,35.000000,0.000000,0.000000,0,1,8.074050
1711030520,1,120.072700,30.307655,0.000000,35.000000,0.000000,0.000000,0,1,8.074050
1711031456,1,120.072700,30.307667,0.000000,35.000000,0.000000,0.000000,0,1,7.832249
1711031773,1,120.072717,30.307663,0.000000,35.000000,0.000000,0.000000,0,1,7.775846
1711032082,1,120.072678,30.307675,0.000000,35.000000,0.000000,0.000000,0,1,7.951621
1711069865,1,120.084861,30.304817,0.000000,35.000000,0.000000,0.000000,0,1,10.266692
1711249431,1,120.076667,30.310400,0.000000,22.732485,0.000000,0.000000,0,1,8.490227
1711291292,1,120.076667,30.310400,0.000000,22.732485,0.000000,0.000000,0,1,8.490227
1711330308,1,120.084847,30.304728,0.000000,35.000000,0.000000,0.000000,0,1,10.016139
1711424210,1,120.084822,30.304850,0.000000,35.000000,0.000000,0.000000,0,1,10.518794
1711527154,1,120.083717,30.304547,0.000000,35.000000,0.000000,0.000000,0,1,11.625098
1711527163,1,120.083725,30.304530,0.000000,35.000000,0.000000,0.000000,0,1,11.645698
1711527166,1,120.083717,30.304533,0.000000,35.000000,0.000000,0.000000,0,1,11.654146
1711529319,1,120.083656,30.304487,0.000000,35.000000,0.000000,0.000000,0,1,11.292104
1711531279,1,120.083672,30.304500,0.000000,35.000000,0.000000,0.000000,0,1,11.396794
1711531871,1,120.083672,30.304500,0.000000,35.000000,0.000000,0.000000,0,1,11.396794
1711611911,1,120.084585,30.304823,0.000000,35.000000,-1.000000,92.123906,1,0,10.585546
1711611999,1,120.084577,30.304073,0.000000,43.000000,-1.000000,83.104337,1,0,11.082305
1711612077,1,120.084433,30.303114,0.000000,35.000000,-1.000000,107.189072,1,0,9.925778
1711612130,1,120.084700,30.302414,0.000000,38.000000,-1.000000,81.794956,1,0,9.636837
1711621524,1,120.084304,30.303523,0.000000,50.666667,-1.000000,241.294628,1,0,9.435845
1711622053,1,120.084575,30.304232,0.000000,35.000000,-1.000000,82.875255,1,0,9.955835
1711622135,1,120.084600,30.305049,0.000000,62.333333,-1.000000,90.597310,1,0,10.452744
1711622367,1,120.084435,30.306214,0.000000,70.000000,-1.000000,130.136441,1,0,9.513527
1711622391,1,120.084504,30.307056,0.000000,78.308779,-1.000000,93.476494,1,0,8.525361
1711622418,1,120.083509,30.307920,0.000000,61.000000,-1.000000,135.460742,1,0,7.731616
1711622444,1,120.083551,30.309168,0.000000,74.000000,-1.000000,138.365371,1,0,7.397019
1711622452,1,120.083406,30.309889,0.000000,80.000000,-1.000000,81.126138,1,0,7.684051
1711622466,1,120.083325,30.310782,0.000000,70.000000,-1.000000,99.304720,1,0,8.259027
1711622529,1,120.082638,30.311265,0.000000,61.000000,-1.000000,85.076986,1,0,8.314284
1711622551,1,120.081613,30.311362,0.000000,35.000000,-1.000000,99.159732,1,0,8.744498
1711622573,1,120.080676,30.310925,0.000000,39.000000,-1.000000,102.386662,1,0,9.507455
1711622603,1,120.079551,30.310963,0.000000,35.000000,-1.000000,108.301571,1,0,10.420557
1711622624,1,120.078440,30.310909,0.000000,40.000000,-1.000000,106.991730,1,0,10.988663
1711622647,1,120.077693,30.310534,0.000000,54.120974,-1.000000,83.040344,1,0,11.068031
1711622702,1,120.076898,30.310056,0.000000,35.000000,-1.000000,93.021043,1,0,10.677202
1711625105,1,120.078567,30.308969,0.000000,14.161052,1.735734,80.425534,1,0,7.615901
1711625148,1,120.078257,30.308150,0.000000,69.000000,-1.000000,95.621112,1,0,7.624841
1711625166,1,120.077717,30.308702,0.000000,92.932816,-1.000000,80.281854,1,0,7.512628
1711625244,1,120.077459,30.307958,0.000000,82.919880,-1.000000,86.153575,1,0,7.315299
1711625486,1,120.077747,30.307915,0.000000,61.000000,-1.000000,89.790498,1,0,7.187159
1711625636,1,120.077145,30.307416,0.000000,69.000000,-1.000000,88.875722,1,0,6.866164
1711626895,1,120.077722,30.306649,0.000000,68.666667,-1.000000,101.558224,1,0,6.856761
1711626942,1,120.077184,30.307286,0.000000,70.000000,-1.000000,87.528365,1,0,6.815310
1711627183,1,120.077239,30.308041,0.000000,83.166373,-1.000000,83.878528,1,0,7.097517
1711627273,1,120.078233,30.307939,0.000000,72.333333,-1.000000,80.880865,1,0,7.046643
1711627288,1,120.077345,30.307953,0.000000,91.927192,-1.000000,85.486262,1,0,7.085615
1711627485,1,120.077873,30.307392,0.000000,80.000000,-1.000000,80.804522,1,0,6.968785
1711627584,1,120.077141,30.307307,0.000000,70.000000,-1.000000,86.190488,1,0,7.153495
1711728293,1,120.076665,30.310399,0.000000,17.928470,-1.000000,0.000000,1,0,0.000000
1711958044,1,120.079231,30.307049,0.000000,4.681241,5.109612,0.000000,1,0,7.196462
1712899471,1,120.083294,30.311276,0.000000,83.000000,-1.000000,0.000000,0,0,8.072750
1712901258,1,120.084216,30.310035,0.000000,35.000000,-1.000000,163.642843,1,0,7.202625
1711629183,1,120.077097,30.310062,0.000000,35.000000,-1.000000,82.184216,1,0,10.794702
1711690388,1,120.077666,30.310709,0.000000,50.879161,-1.000000,90.134275,1,0,9.499075
1711690408,1,120.078624,30.310669,0.000000,35.000000,-1.000000,92.293834,1,0,9.928874
1711690426,1,120.079435,30.310850,0.000000,35.000000,-1.000000,80.560817,1,0,10.745486
1711690453,1,120.080521,30.311024,0.000000,38.000000,-1.000000,106.140574,1,0,10.925056
1711690473,1,120.081561,30.311004,0.000000,77.856300,1.413963,100.117854,1,0,9.091851
1711690496,1,120.082360,30.311267,0.000000,10.855659,2.586184,82.125560,1,0,7.620053
1711690523,1,120.083264,30.311146,0.000000,64.597133,-1.000000,88.059710,1,0,8.524677
1711690565,1,120.083470,30.309992,0.000000,74.000000,-1.000000,129.460863,1,0,8.467587
1711690584,1,120.083608,30.309178,0.000000,68.000000,-1.000000,91.121803,1,0,8.030898
1711690628,1,120.084773,30.309403,0.000000,68.000000,-1.000000,114.732877,1,0,7.726677
1711690752,1,120.084338,30.310116,0.000000,35.000000,-1.000000,89.362742,1,0,7.617914
1711702329,1,120.084575,30.309355,0.000000,56.000000,-1.000000,87.345724,1,0,7.934203
1711702612,1,120.083237,30.310550,0.000000,19.066824,3.103423,184.664724,1,0,14.714742
1711702631,1,120.083273,30.311302,0.000000,14.199064,4.299307,83.538515,1,0,8.194874
1711702655,1,120.082256,30.311430,0.000000,40.000000,-1.000000,98.892648,1,0,8.139371
1711702686,1,120.081064,30.311116,0.000000,63.000000,-1.000000,119.786415,1,0,9.089780
1711702738,1,120.080474,30.310318,0.000000,35.000000,-1.000000,105.135459,1,0,10.003825
1711703511,1,120.079843,30.311032,0.000000,35.000000,-1.000000,99.755217,1,0,10.700181
1711703541,1,120.078734,30.310924,0.000000,9.263460,2.897047,107.387663,1,0,9.211629
1711703561,1,120.077904,30.310773,0.000000,14.287563,3.558968,81.559670,1,0,10.834703
1711758145,1,120.077424,30.310061,0.000000,35.000000,-1.000000,82.118418,1,0,10.137066
1711758175,1,120.078684,30.309344,0.000000,61.000000,-1.000000,144.864340,1,0,10.227933
1711759238,1,120.078764,30.309534,0.000000,61.000000,-1.000000,83.934162,1,0,9.286624
1711759269,1,120.078497,30.308512,0.000000,42.000000,-1.000000,116.171711,1,0,8.197411
1711759278,1,120.078353,30.307794,0.000000,51.000000,-1.000000,80.761662,1,0,7.451551
1711759313,1,120.078645,30.306058,0.000000,81.000000,-1.000000,194.572748,1,0,7.969381
1711759345,1,120.077753,30.306262,0.000000,35.000000,-1.000000,88.766045,1,0,8.342115
1711759360,1,120.077225,30.306827,0.000000,88.906505,-1.000000,80.616313,1,0,7.408863
1711759373,1,120.075685,30.307408,0.000000,95.995371,-1.000000,161.500922,1,0,7.327923
1711759380,1,120.076081,30.306136,0.000000,43.000000,-1.000000,145.987913,1,0,7.310227
1711759420,1,120.076109,30.305408,0.000000,35.000000,-1.000000,80.737671,1,0,7.738413
1711759750,1,120.075446,30.304966,0.000000,48.200261,-1.000000,80.433568,1,0,7.937512
1711772054,1,120.076151,30.305419,0.000000,35.000000,-1.000000,84.331221,1,0,7.279132
1711772157,1,120.075564,30.305969,0.000000,45.752000,-1.000000,83.166241,1,0,7.411425
1711772171,1,120.074177,30.305153,0.000000,72.000000,-1.000000,161.194984,1,0,7.399334
1711772185,1,120.072271,30.309007,0.000000,89.569581,-1.000000,464.945794,1,0,7.398026
1711772194,1,120.072945,30.308118,0.000000,90.000000,-1.000000,117.912120,1,0,7.321756
1711772245,1,120.071486,30.309681,0.000000,89.569581,-1.000000,222.987732,1,0,7.307297
1711772253,1,120.071928,30.309058,0.000000,56.859205,-1.000000,81.107785,1,0,7.331415
1711772338,1,120.071602,30.308304,0.000000,40.000000,-1.000000,89.353280,1,0,8.475280
1711773665,1,120.071763,30.309195,0.000000,54.818273,-1.000000,100.005876,1,0,8.062474
1711773708,1,120.072395,30.308613,0.000000,40.000000,-1.000000,88.614760,1,0,7.522539
1711773740,1,120.071976,30.309366,0.000000,98.000000,-1.000000,92.685905,1,0,7.384165
1711773747,1,120.072857,30.308778,0.000000,45.000000,-1.000000,106.977222,1,0,7.386276
1711773773,1,120.073710,30.307400,0.000000,35.000000,-1.000000,173.336604,1,0,7.527328
1711773803,1,120.072839,30.307110,0.000000,50.000000,-1.000000,89.830400,1,0,7.396383
1711773819,1,120.074659,30.305515,0.000000,73.000000,-1.000000,248.811550,1,0,7.388636
1711773847,1,120.075618,30.306025,0.000000,40.000000,-1.000000,108.231319,1,0,7.430210
1711773933,1,120.076139,30.305412,0.000000,35.000000,-1.000000,84.340383,1,0,7.838792
1711774228,1,120.075448,30.304990,0.000000,35.000000,-1.000000,81.235826,1,0,7.898674
1711782474,1,120.076172,30.305397,0.000000,37.333333,-1.000000,82.993995,1,0,7.397145
1711782654,1,120.077544,30.306123,0.000000,35.000000,-1.000000,154.507819,1,0,7.572479
1711782677,1,120.078432,30.306383,0.000000,91.666667,-1.000000,90.128116,1,0,7.377913
1711782714,1,120.078423,30.307175,0.000000,59.000000,-1.000000,87.897070,1,0,7.932135
1711782773,1,120.078600,30.308770,0.000000,65.000000,-1.000000,177.570917,1,0,7.447005
1711782799,1,120.078778,30.309725,0.000000,49.799548,-1.000000,107.221721,1,0,8.470589
1711782825,1,120.077760,30.309623,0.000000,35.000000,-1.000000,98.622629,1,0,9.647647
1711782862,1,120.077027,30.310029,0.000000,36.666667,-1.000000,83.663085,1,0,10.700097
1711788860,1,120.077106,30.310052,0.000000,35.000000,-1.000000,84.839251,1,0,9.915464
1711788933,1,120.075598,30.309429,0.000000,44.202786,-1.000000,160.557768,1,0,8.059046
1711788966,1,120.073828,30.309106,0.000000,35.000000,-1.000000,174.030512,1,0,7.417573
1711788996,1,120.072801,30.308728,0.000000,45.921158,-1.000000,107.285372,1,0,7.184550
1711789022,1,120.071422,30.308374,0.000000,67.333333,-1.000000,138.347901,1,0,7.356747
1711789063,1,120.069949,30.307516,0.000000,50.000000,-1.000000,170.673160,1,0,7.441093
1711789086,1,120.068618,30.307154,0.000000,40.000000,-1.000000,134.075391,1,0,8.681953
1711789140,1,120.068171,30.304836,0.000000,61.330893,-1.000000,260.550775,1,0,7.204255
1711789159,1,120.068576,30.304025,0.000000,47.297036,-1.000000,98.067421,1,0,6.910100
1711789172,1,120.067762,30.303716,0.000000,56.608300,-1.000000,85.405394,1,0,7.034908
1711789179,1,120.068004,30.302810,0.000000,58.763721,-1.000000,103.146798,1,0,7.052835
1711789218,1,120.068146,30.301694,0.000000,91.666667,-1.000000,124.480703,1,0,7.090183
1711789337,1,120.068867,30.301129,0.000000,40.000000,-1.000000,93.439044,1,0,6.983354
1711789363,1,120.067638,30.300599,0.000000,40.000000,-1.000000,131.956639,1,0,8.723605
1711789382,1,120.066904,30.301031,0.000000,40.000000,-1.000000,85.283303,1,0,9.262981
1711789586,1,120.066008,30.300750,0.000000,40.000000,-1.000000,91.649188,1,0,9.340142
1711789652,1,120.065187,30.301088,0.000000,40.000000,-1.000000,87.379340,1,0,9.342546
1711789679,1,120.065152,30.300028,0.000000,40.000000,-1.000000,117.648069,1,0,9.342982
1711789697,1,120.065866,30.300423,0.000000,72.000000,-1.000000,81.436140,1,0,8.886962
1711789702,1,120.064923,30.298894,0.000000,61.776270,-1.000000,192.199121,1,0,8.885015
1711789708,1,120.064994,30.297963,0.000000,43.931219,-1.000000,103.521369,1,0,9.087308
1711789722,1,120.065259,30.297257,0.000000,41.305696,-1.000000,82.307955,1,0,8.575340
1711789751,1,120.064633,30.296756,0.000000,46.000000,-1.000000,81.854435,1,0,8.167673
1711789764,1,120.063703,30.297001,0.000000,35.000000,-1.000000,93.524104,1,0,8.013858
1711789783,1,120.062845,30.297239,0.000000,40.000000,-1.000000,86.650362,1,0,7.249393
1711789863,1,120.063691,30.296949,0.000000,45.752000,-1.000000,87.539789,1,0,7.563213
1711789876,1,120.062505,30.297182,0.000000,40.000000,-1.000000,116.938642,1,0,7.556899
1711789910,1,120.062049,30.296463,0.000000,40.000000,-1.000000,91.052694,1,0,7.492510
1711789943,1,120.062862,30.295964,0.000000,40.000000,-1.000000,95.778946,1,0,7.485828
1711790041,1,120.063676,30.296420,0.000000,63.801666,-1.000000,93.195014,1,0,10.322058
1711790159,1,120.064851,30.296556,0.000000,52.000000,-1.000000,114.062265,1,0,9.061562
1711790224,1,120.063955,30.296482,0.000000,55.000000,-1.000000,86.574109,1,0,7.951463
1711790244,1,120.063147,30.296295,0.000000,58.000000,-1.000000,80.481924,1,0,7.953866
1711790507,1,120.064817,30.296423,0.000000,54.000000,-1.000000,161.254257,1,0,9.238981
1711790692,1,120.063884,30.296506,0.000000,35.000000,-1.000000,90.130173,1,0,8.239223
1711795464,1,120.064876,30.296321,0.000000,48.598759,-1.000000,97.500571,1,0,8.490660
1711795845,1,120.065017,30.295158,0.000000,37.000000,-1.000000,129.699436,1,0,8.232960
1711795953,1,120.064491,30.295889,0.000000,35.000000,-1.000000,95.554379,1,0,8.961432
1711796021,1,120.065039,30.295068,0.000000,38.000000,-1.000000,105.163659,1,0,9.003788
1711802556,1,120.064826,30.295911,0.000000,40.000000,-1.000000,95.688686,1,0,8.401073
1711802678,1,120.063961,30.296480,0.000000,39.536381,-1.000000,104.335240,1,0,7.906172
1711803813,1,120.064810,30.296377,0.000000,44.000000,-1.000000,82.423626,1,0,7.773139
1711803866,1,120.064773,30.295608,0.000000,60.000000,-1.000000,85.344173,1,0,8.690003
1711803885,1,120.064988,30.296436,0.000000,42.000000,-1.000000,94.082771,1,0,8.966977
1711803904,1,120.064893,30.295670,0.000000,49.000000,-1.000000,85.374199,1,0,9.133632
1711803980,1,120.065236,30.295013,0.000000,38.000000,-1.000000,80.001920,1,0,8.930032
1711804018,1,120.064355,30.294876,0.000000,39.000000,-1.000000,86.093746,1,0,9.937392
1711804091,1,120.063718,30.295353,0.000000,47.818031,-1.000000,80.896828,1,0,12.676663
1711804170,1,120.063160,30.295912,0.000000,40.000000,-1.000000,82.005573,1,0,12.039941
1711804315,1,120.062984,30.296809,0.000000,51.000000,-1.000000,100.884293,1,0,11.299782
1711804382,1,120.062320,30.297297,0.000000,40.000000,-1.000000,83.738263,1,0,8.961277
1711804395,1,120.063280,30.297057,0.000000,35.000000,-1.000000,96.063595,1,0,8.525723
1711804428,1,120.064480,30.296868,0.000000,47.000000,-1.000000,117.387267,1,0,8.077953
1711804582,1,120.065622,30.296835,0.000000,61.389130,-1.000000,109.901879,1,0,8.035624
1711804608,1,120.065046,30.297841,0.000000,39.000000,-1.000000,124.516247,1,0,8.329552
1711804627,1,120.065027,30.299057,0.000000,43.000000,-1.000000,134.878859,1,0,8.368001
1711804634,1,120.065358,30.300102,0.000000,89.569581,-1.000000,120.086224,1,0,8.320462
1711804654,1,120.065295,30.300829,0.000000,40.000000,-1.000000,80.832001,1,0,9.048391
1711804694,1,120.066256,30.300827,0.000000,40.000000,-1.000000,92.409343,1,0,9.338052
1711804714,1,120.067199,30.300783,0.000000,40.000000,-1.000000,90.861469,1,0,9.346275
1711804740,1,120.068116,30.300749,0.000000,40.000000,-1.000000,88.236825,1,0,8.311255
1711804759,1,120.068878,30.301128,0.000000,35.000000,-1.000000,84.520947,1,0,7.572606
1711804786,1,120.068453,30.301899,0.000000,35.000000,-1.000000,94.776275,1,0,6.953732
1711804807,1,120.068259,30.302618,0.000000,4.129626,4.713496,81.802908,1,0,6.822767
1711804827,1,120.068220,30.303373,0.000000,14.378756,4.315386,83.861397,1,0,7.002319
1711804842,1,120.068320,30.304092,0.000000,38.000000,-1.000000,80.256133,1,0,7.067940
1711804867,1,120.068301,30.305185,0.000000,35.000000,-1.000000,121.122607,1,0,7.009831
1711804887,1,120.068241,30.305955,0.000000,35.000000,-1.000000,85.557549,1,0,6.864540
1711804906,1,120.068109,30.306820,0.000000,40.000000,-1.000000,96.739003,1,0,6.750188
1711804926,1,120.069096,30.307215,0.000000,35.000000,-1.000000,104.605014,1,0,6.918994
1711804953,1,120.070187,30.307614,0.000000,35.000000,-1.000000,113.898776,1,0,7.585077
1711804969,1,120.071003,30.307837,0.000000,14.202740,3.646657,82.285851,1,0,6.997234
1711804989,1,120.071776,30.308213,0.000000,47.062197,-1.000000,85.263630,1,0,7.932624
1711805006,1,120.072616,30.308491,0.000000,91.666667,-1.000000,86.459457,1,0,7.934877
1711805036,1,120.073612,30.309030,0.000000,35.000000,-1.000000,112.905703,1,0,7.143902
1711805055,1,120.074480,30.309309,0.000000,81.060086,-1.000000,89.023873,1,0,7.076066
1711805081,1,120.075614,30.309328,0.000000,35.000000,-1.000000,109.119863,1,0,7.450249
1711805109,1,120.076695,30.309354,0.000000,35.799532,-1.000000,103.983175,1,0,7.620232
1711958070,1,120.078845,30.306380,0.000000,78.452695,-1.000000,82.918115,1,0,6.349532
1711958078,1,120.080292,30.306659,0.000000,41.000000,-1.000000,142.619238,1,0,6.688249
1711958120,1,120.081805,30.306712,0.000000,39.000000,-1.000000,145.560845,1,0,6.854281
1711958148,1,120.084197,30.307266,0.000000,59.856355,-1.000000,238.156510,1,0,7.220279
1711958181,1,120.084891,30.305902,0.000000,35.000000,-1.000000,165.228093,1,0,7.671429
1711958222,1,120.084908,30.305171,0.000000,36.000000,-1.000000,81.062835,1,0,9.212336
1711965317,1,120.084166,30.306356,0.000000,35.000000,-1.000000,153.131254,1,0,9.430251
1711965349,1,120.084277,30.307379,0.000000,89.000000,-1.000000,113.847561,1,0,7.686422
1711965372,1,120.083085,30.307249,0.000000,75.236635,-1.000000,115.464934,1,0,7.519124
1711965386,1,120.081820,30.306940,0.000000,49.000000,-1.000000,126.474146,1,0,7.800867
1711965419,1,120.080147,30.306617,0.000000,11.536599,3.239881,164.792910,1,0,2.333895
1711965447,1,120.079361,30.306904,0.000000,14.137634,4.687004,82.072957,1,0,7.742979
1711965465,1,120.078707,30.307785,0.000000,71.000000,-1.000000,116.208996,1,0,6.705447
1711965511,1,120.078488,30.308575,0.000000,40.000000,-1.000000,90.036541,1,0,7.417525
1711965555,1,120.078113,30.307888,0.000000,71.000000,-1.000000,84.231883,1,0,7.838718
1711965607,1,120.077759,30.308599,0.000000,69.315875,-1.000000,85.915160,1,0,7.732600
1711965656,1,120.077342,30.307653,0.000000,63.000000,-1.000000,112.248340,1,0,7.250204
1711965779,1,120.076699,30.307188,0.000000,14.243297,4.200770,80.589859,1,0,5.057169
1711965808,1,120.077384,30.306771,0.000000,14.241367,3.251537,80.486537,1,0,4.723366
1711965831,1,120.077441,30.307528,0.000000,14.241342,4.081841,84.072579,1,0,10.619037
1711965875,1,120.076956,30.308124,0.000000,14.238626,1.646990,80.902614,1,0,7.065215
1711965909,1,120.076664,30.307427,0.000000,14.240497,4.210914,82.222481,1,0,6.643089
1711965928,1,120.076941,30.306745,0.000000,14.238204,3.679485,80.192921,1,0,9.011604
1711965958,1,120.077453,30.307317,0.000000,14.240636,3.995869,80.238553,1,0,8.969391
1711965988,1,120.077280,30.308029,0.000000,14.239527,2.113127,80.616655,1,0,8.336936
1711966063,1,120.076534,30.307708,0.000000,14.240406,1.480051,80.080661,1,0,7.481096
1711966095,1,120.076718,30.307004,0.000000,14.240711,4.373504,80.047184,1,0,7.587904
1711966133,1,120.077478,30.307327,0.000000,14.240808,4.007006,81.418460,1,0,6.840918
1711966168,1,120.077260,30.308032,0.000000,14.238851,1.605137,80.979378,1,0,8.072651
1711966233,1,120.076587,30.307582,0.000000,14.243971,4.320855,81.644071,1,0,8.334877
1711966254,1,120.076760,30.306844,0.000000,14.239575,3.976909,83.568165,1,0,9.381502
1711966286,1,120.077578,30.306990,0.000000,14.240551,2.018974,80.399623,1,0,8.002190
1711966343,1,120.077422,30.307707,0.000000,14.240793,1.522021,80.899509,1,0,8.634689
1711966410,1,120.076700,30.308072,0.000000,14.237467,1.545186,80.426180,1,0,8.024454
1711966442,1,120.076629,30.307337,0.000000,14.241759,4.953460,81.756280,1,0,7.020174
1711966463,1,120.077052,30.306701,0.000000,14.239987,3.971665,81.395927,1,0,6.701931
1711966506,1,120.077528,30.307303,0.000000,14.236544,1.649652,80.937560,1,0,8.416834
1711966561,1,120.077295,30.307998,0.000000,14.240318,1.529400,80.199404,1,0,8.487490
1711966640,1,120.076593,30.307585,0.000000,14.244641,3.673540,81.558190,1,0,7.001611
1711966658,1,120.076745,30.306865,0.000000,14.181478,3.699902,81.050452,1,0,6.496829
1711966729,1,120.077532,30.307104,0.000000,14.235007,1.877106,80.103381,1,0,8.140507
1711966751,1,120.077398,30.307816,0.000000,14.239715,1.634547,80.042613,1,0,7.349506
1711966819,1,120.076572,30.307907,0.000000,14.240778,1.543338,80.034558,1,0,8.756109
1711966875,1,120.076648,30.307185,0.000000,14.241184,1.497029,80.450772,1,0,7.933594
1711966937,1,120.077199,30.306642,0.000000,14.240882,1.488448,80.151807,1,0,6.564133
1711966986,1,120.077511,30.307316,0.000000,14.241335,3.618735,80.465960,1,0,6.992690
1711967006,1,120.077225,30.307997,0.000000,14.242863,3.342601,80.377897,1,0,8.426376
1711967267,1,120.077963,30.308368,0.000000,35.000000,-1.000000,82.017047,1,0,8.126470
1711967329,1,120.078535,30.308937,0.000000,46.000000,-1.000000,83.709920,1,0,7.703642
1711967365,1,120.077843,30.308250,0.000000,64.000000,-1.000000,101.158003,1,0,7.684047
1711967379,1,120.077808,30.309111,0.000000,74.000000,-1.000000,95.549078,1,0,8.067903
1711967413,1,120.078543,30.309642,0.000000,65.356400,-1.000000,91.983646,1,0,8.284394
1711967427,1,120.077492,30.309888,0.000000,35.000000,-1.000000,104.667822,1,0,8.176821
1711967470,1,120.076624,30.310390,0.000000,17.808379,-1.000000,100.371513,1,0,10.329886
1711977592,1,120.077405,30.310068,0.000000,55.666667,-1.000000,83.193869,1,0,10.049919
1711977624,1,120.076814,30.309514,0.000000,14.253620,4.395213,83.673453,1,0,6.924153
1711977650,1,120.075637,30.309276,0.000000,64.000000,-1.000000,116.279614,1,0,7.668832
1711977675,1,120.074641,30.309198,0.000000,88.816724,-1.000000,96.128601,1,0,7.428019
1711977688,1,120.073772,30.309052,0.000000,46.000000,-1.000000,85.163343,1,0,7.315546
1711977710,1,120.072907,30.308944,0.000000,59.930158,-1.000000,84.026119,1,0,7.192574
1711977762,1,120.072044,30.308892,0.000000,43.719935,-1.000000,83.253823,1,0,7.588476
1711977804,1,120.072151,30.307860,0.000000,24.113617,0.778447,114.948535,1,0,5.324846
1711977856,1,120.072515,30.307202,0.000000,35.000000,-1.000000,80.957956,1,0,7.768948
1711977986,1,120.071918,30.306668,0.000000,51.570679,-1.000000,82.422981,1,0,7.074392
1711982352,1,120.072563,30.307349,0.000000,43.000000,-1.000000,97.683793,1,0,7.645602
1711982399,1,120.072058,30.308240,0.000000,36.000000,-1.000000,110.125760,1,0,7.687418
1711982412,1,120.071559,30.309236,0.000000,60.841118,-1.000000,120.374357,1,0,7.617066
1711982449,1,120.072282,30.308796,0.000000,35.000000,-1.000000,84.935530,1,0,7.862837
1711982505,1,120.073101,30.308653,0.000000,35.000000,-1.000000,80.379320,1,0,6.726011
1711982544,1,120.073920,30.308863,0.000000,67.739040,-1.000000,82.172741,1,0,6.971178
1711982557,1,120.075788,30.309235,0.000000,51.000000,-1.000000,184.313351,1,0,7.180207
1711982604,1,120.076899,30.309367,0.000000,40.000000,-1.000000,107.846313,1,0,7.802508
1711982630,1,120.077450,30.309977,0.000000,35.000000,-1.000000,85.966485,1,0,9.528349
1711982676,1,120.076560,30.310156,0.000000,35.000000,-1.000000,87.933378,1,0,10.578429
1711627660,1,120.077878,30.307896,0.000000,72.089060,-1.000000,96.372440,1,0,6.997666
1711627761,1,120.076924,30.308085,0.000000,73.467132,-1.000000,94.081506,1,0,7.006151
1711627769,1,120.077551,30.307408,0.000000,68.000000,-1.000000,96.266057,1,0,7.050489
1711628707,1,120.078076,30.308001,0.000000,61.000000,-1.000000,82.896729,1,0,7.285273
1711628850,1,120.077922,30.308821,0.000000,92.000000,-1.000000,91.996959,1,0,7.481110
1711628918,1,120.078682,30.309412,0.000000,59.856355,-1.000000,98.197247,1,0,7.910703
1711628992,1,120.077792,30.309630,0.000000,35.000000,-1.000000,89.019481,1,0,9.806553
1711873223,1,120.078153,30.309694,0.000000,14.438316,1.352115,80.949308,1,0,8.317071
1711873257,1,120.079019,30.309852,0.000000,54.388385,-1.000000,85.102218,1,0,7.537538
1711873318,1,120.078988,30.310824,0.000000,35.000000,-1.000000,107.807301,1,0,9.868585
1711873354,1,120.080669,30.311015,0.000000,30.000000,-1.000000,163.049732,1,0,10.086169
1711873562,1,120.081464,30.311240,0.000000,35.000000,-1.000000,80.456843,1,0,9.613055
1711873633,1,120.082324,30.311434,0.000000,40.000000,-1.000000,85.456154,1,0,9.764878
1711873654,1,120.083151,30.311609,0.000000,77.754304,-1.000000,81.863176,1,0,8.773333
1711873680,1,120.083103,30.310693,0.000000,44.000000,-1.000000,101.671046,1,0,8.310320
1711873706,1,120.083377,30.309422,0.000000,76.000000,-1.000000,143.348961,1,0,8.539312
1711873719,1,120.083478,30.308515,0.000000,67.166181,-1.000000,101.018955,1,0,7.786588
1711873732,1,120.083631,30.307733,0.000000,61.428258,-1.000000,87.943583,1,0,7.417432
1711873745,1,120.084317,30.306923,0.000000,50.987433,-1.000000,111.435131,1,0,7.280051
1711873774,1,120.084994,30.305776,0.000000,35.000000,-1.000000,142.866174,1,0,8.359530
1711873819,1,120.085002,30.305508,0.000000,35.000000,-1.000000,84.431636,1,0,9.593030
1711873845,1,120.085021,30.304761,0.000000,35.000000,-1.000000,82.794265,1,0,9.698956
1711877216,1,120.084471,30.304215,0.000000,56.175885,-1.000000,80.366501,1,0,10.573097
1711877254,1,120.084491,30.303486,0.000000,52.183645,-1.000000,80.879483,1,0,9.959859
1711878453,1,120.084620,30.304239,0.000000,35.000000,-1.000000,84.400319,1,0,10.228958
1711878541,1,120.084724,30.304976,0.000000,35.000000,-1.000000,82.294981,1,0,10.940137
1711878716,1,120.083875,30.304964,0.000000,35.000000,-1.000000,81.742250,1,0,10.907322
1711878775,1,120.083018,30.304788,0.000000,48.944380,-1.000000,84.708595,1,0,9.716954
1711878854,1,120.082407,30.305373,0.000000,75.503682,-1.000000,87.487929,1,0,8.990590
1711879261,1,120.082789,30.304703,0.000000,73.000000,-1.000000,85.998543,1,0,8.876454
1711879391,1,120.083069,30.304853,0.000000,37.000000,-1.000000,84.351699,1,0,9.722816
1711879446,1,120.083990,30.304877,0.000000,35.000000,-1.000000,88.547026,1,0,9.211842
1711879533,1,120.084892,30.304856,0.000000,62.442653,-1.000000,86.844022,1,0,10.144307
1711889638,1,120.084499,30.306686,0.000000,44.581730,-1.000000,206.345485,1,0,9.213949
1711889658,1,120.084151,30.307380,0.000000,86.000000,-1.000000,83.945930,1,0,7.621388
1711889671,1,120.083614,30.308159,0.000000,51.000000,-1.000000,100.668489,1,0,7.311354
1711889694,1,120.083370,30.308955,0.000000,76.000000,-1.000000,91.249917,1,0,7.648823
1711889697,1,120.083134,30.309728,0.000000,9.059989,7.221328,88.634967,1,0,5.675689
1711889711,1,120.083213,30.310474,0.000000,14.183856,5.549151,83.090489,1,0,6.773602
1711889725,1,120.083264,30.311212,0.000000,14.136653,5.518087,81.951709,1,0,6.526825
1711889744,1,120.082423,30.311187,0.000000,13.620654,5.132776,80.966571,1,0,-3.238604
1711889760,1,120.081582,30.311151,0.000000,14.221834,4.687139,80.977139,1,0,8.126308
1711889775,1,120.080718,30.311065,0.000000,14.200280,5.873019,83.640320,1,0,8.953428
1712101227,1,120.077010,30.310025,0.000000,35.000000,-1.000000,127.970111,1,0,9.877449
1712101318,1,120.078095,30.308978,0.000000,91.666667,-1.000000,156.112001,1,0,10.620211
1712101365,1,120.078847,30.308882,0.000000,14.215543,6.149676,83.215128,1,0,5.634653
1712101386,1,120.078413,30.308140,0.000000,91.666667,-1.000000,92.223566,1,0,7.497209
1712101412,1,120.078584,30.307146,0.000000,61.000000,-1.000000,111.398447,1,0,7.289586
1712101430,1,120.078657,30.306388,0.000000,91.666667,-1.000000,84.367864,1,0,7.163211
1712101435,1,120.080134,30.306569,0.000000,40.000000,-1.000000,143.473452,1,0,7.162513
1712101450,1,120.081021,30.306800,0.000000,35.000000,-1.000000,89.128245,1,0,6.915254
1712101463,1,120.081963,30.306632,0.000000,64.553904,-1.000000,92.482959,1,0,7.448682
1712101515,1,120.083635,30.306762,0.000000,46.790925,-1.000000,161.420111,1,0,8.185064
1712101539,1,120.084853,30.305475,0.000000,35.000000,-1.000000,184.650869,1,0,8.599006
1712101578,1,120.084106,30.305128,0.000000,36.000000,-1.000000,81.529468,1,0,9.783076
1712101735,1,120.084580,30.304506,0.000000,35.000000,-1.000000,82.666062,1,0,10.137743
1712109007,1,120.084912,30.305218,0.000000,72.333333,-1.000000,85.168251,1,0,11.942763
1712115692,1,120.084517,30.307251,0.000000,74.000000,-1.000000,228.620325,1,0,8.886374
1712115720,1,120.083698,30.307458,0.000000,14.198192,4.762171,81.991151,1,0,6.133615
1712115738,1,120.083625,30.308184,0.000000,37.000000,-1.000000,80.807833,1,0,7.200596
1712115762,1,120.083703,30.308984,0.000000,74.000000,-1.000000,89.017255,1,0,7.315103
1712115791,1,120.083425,30.311088,0.000000,48.000000,-1.000000,234.767814,1,0,7.843454
1712115829,1,120.082609,30.311449,0.000000,40.000000,-1.000000,88.108555,1,0,8.483733
1712115872,1,120.081515,30.311313,0.000000,35.000000,-1.000000,106.294693,1,0,9.040740
1712116108,1,120.080687,30.311774,0.000000,35.000000,-1.000000,94.617210,1,0,10.290987
1712116141,1,120.080196,30.312692,0.000000,40.000000,-1.000000,112.157555,1,0,10.828431
1712116164,1,120.079255,30.312541,0.000000,50.000000,-1.000000,92.040353,1,0,10.876971
1712116215,1,120.078175,30.312050,0.000000,35.000000,-1.000000,117.299373,1,0,11.187691
1713780910,1,120.076572,30.310275,0.000000,23.000000,-1.000000,0.000000,1,0,9.093148
1713919220,1,120.084987,30.303879,0.000000,5.000000,-1.000000,0.000000,1,0,0.000000
1722482178,1,118.898262,31.910438,0.000000,23.405829,4.411175,0.000000,1,0,17.336031
1724031822,1,118.885421,32.106429,0.000000,206.666667,-1.000000,0.000000,1,0,42.421227
1713919309,1,120.076512,30.310440,0.000000,17.021072,-1.000000,1092.502601,1,0,0.000000
1724042384,1,118.881502,32.108404,0.000000,35.000000,-1.000000,429.917240,1,0,46.904583
1722533247,1,118.897868,31.911282,0.000000,44.000000,-1.000000,100.736670,1,0,22.201217
1733268152,1,120.076582,30.310374,0.000000,19.966301,-1.000000,0.000000,1,0,9.738188
1737032737,1,118.897822,31.911161,0.000000,19.055542,-1.000000,0.000000,1,0,20.962748
